id,rz,sx,x,cx,reset,measure,u3,u1,u2,Machine,AvgDegree,NumQubit,PST,TVD,Entropy,Swaps
0,46,8,0,20,0,5,-1,-1,-1,2,3.2,5,0.779296875,0.2412109374,2.828575702708869,9
0,46,8,0,20,0,5,-1,-1,-1,3,3.2,5,0.8330078125,0.194335937395,2.6596320327510954,8
0,46,8,0,20,0,5,-1,-1,-1,5,3.2,5,0.6640625,0.396484374895,3.0480826072975225,9
0,-1,-1,-1,20,-1,5,0,30,8,7,3.2,5,0.7431640625,0.287109374895,2.970995939475829,8
0,-1,-1,-1,20,-1,5,0,30,8,11,3.2,5,0.64453125,0.390624999895,3.095484449325559,7
0,46,8,0,20,0,5,-1,-1,-1,18,3.2,5,0.8505859375,0.184570312405,2.583689075725098,7
0,-1,-1,-1,20,-1,5,0,30,8,19,3.2,5,0.7509765625,0.266601562395,2.8498490598319424,6
0,46,8,0,20,0,5,-1,-1,-1,21,3.2,5,0.8330078125,0.1914062499,2.707312221889007,9
0,46,8,0,20,-1,5,-1,-1,-1,26,3.2,5,0.88671875,0.15820312492,2.5299441295730056,7
0,46,8,0,20,0,5,-1,-1,-1,29,3.2,5,0.5888671875,0.447265624895,3.190892083871737,8
0,46,8,0,20,0,5,-1,-1,-1,31,3.2,5,0.8369140625,0.209960937405,2.7233020423786622,9
0,46,8,0,20,0,5,-1,-1,-1,33,3.2,5,0.923828125,0.11230468742,2.436932547605637,9
0,-1,-1,-1,20,-1,5,0,30,8,36,2.4,5,0.505859375,0.549804687395,3.3430408973370183,6
0,46,8,0,20,-1,5,-1,-1,-1,39,3.2,5,0.8193359375,0.2363281249,2.7260448255750918,10
0,46,8,0,20,-1,5,-1,-1,-1,40,3.2,5,0.8671875,0.184570312405,2.648476239649168,10
0,46,8,0,20,0,5,-1,-1,-1,42,4.8,5,0.724609375,0.344726562395,2.9113849802891694,7
0,46,8,0,20,0,5,-1,-1,-1,10,3.4285714285714284,7,0.765625,0.250976562395,2.881411499351525,11
0,46,8,0,20,0,5,-1,-1,-1,14,3.4285714285714284,7,0.8134765625,0.2255859374,2.7642832186974013,8
0,46,8,0,20,0,5,-1,-1,-1,17,3.4285714285714284,7,0.90625,0.156249999905,2.5241923382471465,7
0,46,8,0,20,0,5,-1,-1,-1,25,3.4285714285714284,7,0.8486328125,0.191406249905,2.675065729606295,11
0,-1,-1,-1,20,-1,5,0,30,8,22,2.5714285714285716,14,0.6865234375,0.357421874895,3.024626229511004,9
0,46,8,0,20,0,5,-1,-1,-1,12,4.0,16,0.8046875,0.208984374895,2.750040156310361,8
0,-1,-1,-1,20,-1,5,0,30,8,32,2.75,16,1.0,0.06640625,2.102345471622887,10
0,-1,-1,-1,20,-1,5,0,30,8,0,4.6,20,0.44921875,0.592773437395,3.3594123018250226,9
0,-1,-1,-1,20,-1,5,0,30,8,4,4.6,20,0.7939453125,0.273437499895,2.82101830582134,9
0,-1,-1,-1,20,-1,5,0,30,8,15,4.6,20,0.724609375,0.325195312395,3.0159402208255557,9
0,-1,-1,-1,20,-1,5,0,30,8,28,4.6,20,0.6708984375,0.366210937395,3.0710288827754693,9
0,-1,-1,-1,20,-1,5,0,30,8,34,4.6,20,0.75,0.295898437395,2.919652349725092,9
0,-1,-1,-1,20,-1,5,0,30,8,37,7.0,20,0.55859375,0.483398437395,3.1443806754384673,14
0,46,8,0,20,0,5,-1,-1,-1,8,4.148148148148148,27,0.8125,0.219726562405,2.7638185472551497,8
0,46,8,0,20,0,5,-1,-1,-1,13,4.148148148148148,27,0.8798828125,0.15429687492,2.5609659026525766,9
0,46,8,0,20,0,5,-1,-1,-1,16,4.148148148148148,27,0.865234375,0.1796874999,2.6090639152230874,8
0,46,8,0,20,0,5,-1,-1,-1,23,4.148148148148148,27,0.87890625,0.21093749993,2.5785553225223707,8
0,46,8,0,20,0,5,-1,-1,-1,24,4.148148148148148,27,0.7080078125,0.350585937395,3.0391469655415375,9
0,46,8,0,20,0,5,-1,-1,-1,27,4.148148148148148,27,0.6455078125,0.391601562395,3.0876394120231,9
0,46,8,0,20,0,5,-1,-1,-1,35,4.148148148148148,27,0.861328125,0.182617187415,2.615760489346129,8
0,46,8,0,20,0,5,-1,-1,-1,38,4.148148148148148,27,0.6201171875,0.431640624895,2.9015756420493544,8
0,-1,-1,-1,20,-1,5,0,30,8,9,4.285714285714286,28,0.5830078125,0.491210937395,3.253565549039199,9
0,-1,-1,-1,20,-1,5,0,30,8,30,4.377358490566038,53,0.46875,0.55859374989,3.3439299291040085,9
0,46,8,0,20,0,5,-1,-1,-1,6,4.430769230769231,65,0.8115234375,0.238281249905,2.7710146621303244,9
0,46,8,0,20,0,5,-1,-1,-1,20,4.430769230769231,65,0.38671875,0.643554687395,3.3401708435049895,9
0,46,8,0,20,0,5,-1,-1,-1,41,4.47244094488189,127,0.6865234375,0.335937499895,3.0215424184011814,9
0,21,3,0,19,0,6,-1,-1,-1,10,3.4285714285714284,7,0.7587890625,0.24121093729999998,2.95024075248755,11
0,21,3,0,19,0,6,-1,-1,-1,14,3.4285714285714284,7,0.921875,0.139648437375,2.4140166640257514,12
0,21,3,0,19,0,6,-1,-1,-1,17,3.4285714285714284,7,0.861328125,0.139648437345,2.6329723726078043,11
0,21,3,0,19,0,6,-1,-1,-1,25,3.4285714285714284,7,0.8505859375,0.16308593731499998,2.680339350301577,12
0,-1,-1,-1,19,-1,6,0,15,3,22,2.5714285714285716,14,0.6611328125,0.374023437265,3.1435672815078917,16
0,21,3,0,19,0,6,-1,-1,-1,12,4.0,16,0.7978515625,0.21679687481499998,2.8369199628577735,11
0,-1,-1,-1,19,-1,6,0,15,3,32,2.75,16,1.0,0.0517578125,2.076945725442271,16
0,-1,-1,-1,19,-1,6,0,15,3,0,4.6,20,0.5146484375,0.48535156227,3.318234032916373,15
0,-1,-1,-1,19,-1,6,0,15,3,4,4.6,20,0.8017578125,0.24707031231499998,2.7954755187208566,13
0,-1,-1,-1,19,-1,6,0,15,3,15,4.6,20,0.775390625,0.23925781232499999,2.8578724651962273,12
0,-1,-1,-1,19,-1,6,0,15,3,28,4.6,20,0.693359375,0.318359374755,3.1071347962836597,11
0,-1,-1,-1,19,-1,6,0,15,3,34,4.6,20,0.7109375,0.29394531227,3.044200527791318,15
0,-1,-1,-1,19,-1,6,0,15,3,37,7.0,20,0.8369140625,0.19824218729999998,2.726562035620013,16
0,21,3,0,19,0,6,-1,-1,-1,8,4.148148148148148,27,0.75390625,0.24609374978499998,2.9631116953728416,14
0,21,3,0,19,0,6,-1,-1,-1,13,4.148148148148148,27,0.8828125,0.12499999983999999,2.5803131500180294,14
0,21,3,0,19,0,6,-1,-1,-1,16,4.148148148148148,27,0.8876953125,0.146484374845,2.545719931292476,16
0,21,3,0,19,0,6,-1,-1,-1,23,4.148148148148148,27,0.8984375,0.16308593737,2.4893090535233884,16
0,21,3,0,19,0,6,-1,-1,-1,24,4.148148148148148,27,0.6455078125,0.354492187245,3.25048615629372,11
0,21,3,0,19,0,6,-1,-1,-1,27,4.148148148148148,27,0.6435546875,0.356445312275,3.1912843782128104,10
0,21,3,0,19,0,6,-1,-1,-1,35,4.148148148148148,27,0.849609375,0.151367187335,2.6711776366902416,14
0,21,3,0,19,0,6,-1,-1,-1,38,4.148148148148148,27,0.7587890625,0.49902343732,2.475835797049341,16
0,-1,-1,-1,19,-1,6,0,15,3,9,4.285714285714286,28,0.5068359375,0.49316406222,3.474836372174688,12
0,-1,-1,-1,19,-1,6,0,15,3,30,4.377358490566038,53,0.400390625,0.599609374725,3.7052299734742205,12
0,21,3,0,19,0,6,-1,-1,-1,6,4.430769230769231,65,0.6591796875,0.340820312315,3.0535079012411406,16
0,21,3,0,19,0,6,-1,-1,-1,20,4.430769230769231,65,0.140625,0.85937499972,4.111183132024087,19
0,21,3,0,19,0,6,-1,-1,-1,41,4.47244094488189,127,0.685546875,0.314453124765,3.1264553852958823,16
0,26,4,2,20,0,4,-1,-1,-1,2,3.2,5,0.486328125,0.513671874925,2.008473054860979,8
0,26,4,2,20,0,4,-1,-1,-1,3,3.2,5,0.3603515625,0.639648437425,2.3102673744728777,15
0,26,4,2,20,0,4,-1,-1,-1,5,3.2,5,0.224609375,0.775390624925,2.5942099653002346,8
0,-1,-1,-1,20,-1,4,2,18,4,7,3.2,5,0.4443359375,0.555664062425,2.1094998350606526,18
0,-1,-1,-1,20,-1,4,2,18,4,11,3.2,5,0.34765625,0.652343749925,2.3300035101428116,15
0,26,4,2,20,0,4,-1,-1,-1,18,3.2,5,0.4921875,0.507812499925,1.989025509430704,16
0,-1,-1,-1,20,-1,4,2,18,4,19,3.2,5,0.3759765625,0.624023437425,2.2097717095014557,17
0,26,4,2,20,0,4,-1,-1,-1,21,3.2,5,0.6455078125,0.354492187425,1.4496200510128063,10
0,26,4,2,20,-1,4,-1,-1,-1,26,3.2,5,0.6103515625,0.389648437425,1.5633701032733216,15
0,26,4,2,20,0,4,-1,-1,-1,29,3.2,5,0.19140625,0.808593749925,2.6296331811147726,18
0,26,4,2,20,0,4,-1,-1,-1,31,3.2,5,0.5400390625,0.459960937425,1.8545193732262755,8
0,26,4,2,20,0,4,-1,-1,-1,33,3.2,5,0.7236328125,0.276367187425,1.2625528091117897,10
0,-1,-1,-1,20,-1,4,2,18,4,36,2.4,5,0.107421875,0.892578124925,2.74245289840326,7
0,26,4,2,20,-1,4,-1,-1,-1,39,3.2,5,0.521484375,0.478515624925,1.8195475117686426,17
0,26,4,2,20,-1,4,-1,-1,-1,40,3.2,5,0.4794921875,0.520507812425,1.9627350805968247,17
0,26,4,2,20,0,4,-1,-1,-1,42,4.8,5,0.169921875,0.830078124925,2.351221481786213,10
0,26,4,2,20,0,4,-1,-1,-1,10,3.4285714285714284,7,0.4326171875,0.567382812425,2.1426114748985103,14
0,26,4,2,20,0,4,-1,-1,-1,14,3.4285714285714284,7,0.525390625,0.474609374925,1.7260844322135942,14
0,26,4,2,20,0,4,-1,-1,-1,17,3.4285714285714284,7,0.755859375,0.244140624925,1.1565151690445967,15
0,26,4,2,20,0,4,-1,-1,-1,25,3.4285714285714284,7,0.50390625,0.496093749925,1.9619678278492088,15
0,-1,-1,-1,20,-1,4,2,18,4,22,2.5714285714285716,14,0.4189453125,0.581054687425,2.078463246235274,8
0,26,4,2,20,0,4,-1,-1,-1,12,4.0,16,0.482421875,0.517578124925,2.025029691266271,8
0,-1,-1,-1,20,-1,4,2,18,4,32,2.75,16,1.0,0.0,-1.0000004999175666e-06,10
0,-1,-1,-1,20,-1,4,2,18,4,0,4.6,20,0.4140625,0.585937499925,2.0841993575060473,8
0,-1,-1,-1,20,-1,4,2,18,4,4,4.6,20,0.5009765625,0.499023437425,1.9455892389523126,8
0,-1,-1,-1,20,-1,4,2,18,4,15,4.6,20,0.396484375,0.603515624925,1.9909960123703034,8
0,-1,-1,-1,20,-1,4,2,18,4,28,4.6,20,0.4638671875,0.536132812425,1.9983537168565504,8
0,-1,-1,-1,20,-1,4,2,18,4,34,4.6,20,0.345703125,0.654296874925,2.3530726395808603,8
0,-1,-1,-1,20,-1,4,2,18,4,37,7.0,20,0.5078125,0.492187499925,1.9021073026477626,10
0,26,4,2,20,0,4,-1,-1,-1,8,4.148148148148148,27,0.671875,0.328124999925,1.4746632469819394,8
0,26,4,2,20,0,4,-1,-1,-1,13,4.148148148148148,27,0.7119140625,0.288085937425,1.2586089902709938,8
0,26,4,2,20,0,4,-1,-1,-1,16,4.148148148148148,27,0.755859375,0.24414062493,1.0792241828225464,10
0,26,4,2,20,0,4,-1,-1,-1,23,4.148148148148148,27,0.7158203125,0.284179687425,1.281885813192569,8
0,26,4,2,20,0,4,-1,-1,-1,24,4.148148148148148,27,0.673828125,0.326171874925,1.4085163931638727,8
0,26,4,2,20,0,4,-1,-1,-1,27,4.148148148148148,27,0.58203125,0.417968749925,1.6998421383962343,8
0,26,4,2,20,0,4,-1,-1,-1,35,4.148148148148148,27,0.5927734375,0.407226562425,1.6879858124415126,8
0,26,4,2,20,0,4,-1,-1,-1,38,4.148148148148148,27,0.060546875,0.939453124925,2.43916457976575,8
0,-1,-1,-1,20,-1,4,2,18,4,9,4.285714285714286,28,0.328125,0.671874999925,2.3678409759647905,8
0,-1,-1,-1,20,-1,4,2,18,4,30,4.377358490566038,53,0.166015625,0.833984374925,2.6792672484297833,8
0,26,4,2,20,0,4,-1,-1,-1,6,4.430769230769231,65,0.603515625,0.396484374925,1.6931051071529455,8
0,26,4,2,20,0,4,-1,-1,-1,20,4.430769230769231,65,0.5634765625,0.436523437425,1.8114422828197607,8
0,26,4,2,20,0,4,-1,-1,-1,41,4.47244094488189,127,0.7412109375,0.258789062425,1.103109096499656,8
0,65,32,0,14,0,15,-1,-1,-1,12,4.0,16,0.140625,0.8593749979349998,5.086737651501526,44
0,-1,-1,-1,14,-1,15,0,1,32,32,2.75,16,1.0,0.0,-1.0000004999175666e-06,19
0,-1,-1,-1,14,-1,15,0,1,32,0,4.6,20,0.0419921875,0.9580078093349997,6.051822607182593,28
0,-1,-1,-1,14,-1,15,0,1,32,4,4.6,20,0.0859375,0.9140624975449998,5.537103445279813,22
0,-1,-1,-1,14,-1,15,0,1,32,15,4.6,20,0.0146484375,0.9853515581699996,6.6567536765269475,32
0,-1,-1,-1,14,-1,15,0,1,32,28,4.6,20,0.0205078125,0.9794921841399997,6.238342762473837,32
0,-1,-1,-1,14,-1,15,0,1,32,34,4.6,20,0.109375,0.8906249973349998,5.590256304293603,29
0,-1,-1,-1,14,-1,15,0,1,32,37,7.0,20,0.017578125,0.9824218713299997,6.393357685081336,22
0,65,32,0,14,0,15,-1,-1,-1,8,4.148148148148148,27,0.111328125,0.8886718725299998,5.477835479590733,33
0,65,32,0,14,0,15,-1,-1,-1,13,4.148148148148148,27,0.228515625,0.7714843731999999,4.601591824939397,41
0,65,32,0,14,0,15,-1,-1,-1,16,4.148148148148148,27,0.1669921875,0.8330078107949999,4.6197660776590705,33
0,65,32,0,14,0,15,-1,-1,-1,23,4.148148148148148,27,0.2216796875,0.7783203107899999,4.575677095419688,34
0,65,32,0,14,0,15,-1,-1,-1,24,4.148148148148148,27,0.19921875,0.8007812482399999,4.676682819887638,33
0,65,32,0,14,0,15,-1,-1,-1,27,4.148148148148148,27,0.0703125,0.9296874972249998,5.777956116047205,41
0,65,32,0,14,0,15,-1,-1,-1,35,4.148148148148148,27,0.1455078125,0.8544921854099998,5.093762795718908,39
0,65,32,0,14,0,15,-1,-1,-1,38,4.148148148148148,27,0.0,0.9999999953249996,6.807736486147384,36
0,-1,-1,-1,14,-1,15,0,1,32,9,4.285714285714286,28,0.0068359375,0.9931640580849996,6.705061617883558,34
0,-1,-1,-1,14,-1,15,0,1,32,30,4.377358490566038,53,0.0,0.9999999950699996,6.8831353477009385,35
0,65,32,0,14,0,15,-1,-1,-1,6,4.430769230769231,65,0.087890625,0.9121093722749998,5.6915712570364025,33
0,65,32,0,14,0,15,-1,-1,-1,20,4.430769230769231,65,0.0,0.9999999949899996,6.905233895029965,33
0,65,32,0,14,0,15,-1,-1,-1,41,4.47244094488189,127,0.0859375,0.9140624971399998,5.78151647094369,37
0,26,4,2,12,0,4,-1,-1,-1,2,3.2,5,1.0,0.08203125,2.7619557104500823,6
0,26,4,2,12,0,4,-1,-1,-1,3,3.2,5,1.0,0.0927734375,2.7572873854461157,2
0,26,4,2,12,0,4,-1,-1,-1,5,3.2,5,1.0,0.068359375,2.7628755148503896,6
0,-1,-1,-1,12,-1,4,2,18,4,7,3.2,5,1.0,0.0634765625,2.7663769264501763,4
0,-1,-1,-1,12,-1,4,2,18,4,11,3.2,5,1.0,0.0751953125,2.762821367864483,3
0,26,4,2,12,0,4,-1,-1,-1,18,3.2,5,1.0,0.0625,2.7645280856835046,4
0,-1,-1,-1,12,-1,4,2,18,4,19,3.2,5,1.0,0.109375,2.7524478675446065,2
0,26,4,2,12,0,4,-1,-1,-1,21,3.2,5,1.0,0.0771484375,2.762781243249151,5
0,26,4,2,12,-1,4,-1,-1,-1,26,3.2,5,1.0,0.0849609375,2.753646793909785,3
0,26,4,2,12,0,4,-1,-1,-1,29,3.2,5,1.0,0.0791015625,2.763001382684386,5
0,26,4,2,12,0,4,-1,-1,-1,31,3.2,5,1.0,0.0498046875,2.7657455453906987,5
0,26,4,2,12,0,4,-1,-1,-1,33,3.2,5,1.0,0.064453125,2.766825231090584,5
0,-1,-1,-1,12,-1,4,2,18,4,36,2.4,5,1.0,0.0517578125,2.77030532804121,4
0,26,4,2,12,-1,4,-1,-1,-1,39,3.2,5,1.0,0.0947265625,2.754680049206671,4
0,26,4,2,12,-1,4,-1,-1,-1,40,3.2,5,1.0,0.0927734375,2.7611332916371802,5
0,26,4,2,12,0,4,-1,-1,-1,42,4.8,5,1.0,0.1748046875,2.6888470921183365,3
0,26,4,2,12,0,4,-1,-1,-1,10,3.4285714285714284,7,1.0,0.0810546875,2.767027628439632,4
0,26,4,2,12,0,4,-1,-1,-1,14,3.4285714285714284,7,1.0,0.080078125,2.7611959746074697,2
0,26,4,2,12,0,4,-1,-1,-1,17,3.4285714285714284,7,1.0,0.0634765625,2.7638270026886835,3
0,26,4,2,12,0,4,-1,-1,-1,25,3.4285714285714284,7,1.0,0.064453125,2.7676220817538733,5
0,-1,-1,-1,12,-1,4,2,18,4,22,2.5714285714285716,14,1.0,0.11328125,2.758545417425374,5
0,26,4,2,12,0,4,-1,-1,-1,12,4.0,16,1.0,0.109375,2.749739482038172,6
0,-1,-1,-1,12,-1,4,2,18,4,32,2.75,16,1.0,0.0703125,2.763275562260467,4
0,-1,-1,-1,12,-1,4,2,18,4,0,4.6,20,1.0,0.1162109375,2.752276709507295,5
0,-1,-1,-1,12,-1,4,2,18,4,4,4.6,20,1.0,0.12109375,2.7419115276395916,5
0,-1,-1,-1,12,-1,4,2,18,4,15,4.6,20,1.0,0.060546875,2.7613293842047457,5
0,-1,-1,-1,12,-1,4,2,18,4,28,4.6,20,1.0,0.1025390625,2.7548438221899576,5
0,-1,-1,-1,12,-1,4,2,18,4,34,4.6,20,1.0,0.0556640625,2.7639911742787344,5
0,-1,-1,-1,12,-1,4,2,18,4,37,7.0,20,1.0,0.0703125,2.756175172780886,8
0,26,4,2,12,0,4,-1,-1,-1,8,4.148148148148148,27,1.0,0.0849609375,2.7629021255071384,5
0,26,4,2,12,0,4,-1,-1,-1,13,4.148148148148148,27,1.0,0.0458984375,2.764774642805859,5
0,26,4,2,12,0,4,-1,-1,-1,16,4.148148148148148,27,1.0,0.0498046875,2.7641891002221763,6
0,26,4,2,12,0,4,-1,-1,-1,23,4.148148148148148,27,1.0,0.0830078125,2.755873627959765,5
0,26,4,2,12,0,4,-1,-1,-1,24,4.148148148148148,27,1.0,0.0595703125,2.7626188348720446,5
0,26,4,2,12,0,4,-1,-1,-1,27,4.148148148148148,27,1.0,0.1025390625,2.750367418942937,5
0,26,4,2,12,0,4,-1,-1,-1,35,4.148148148148148,27,1.0,0.0908203125,2.763084471378746,5
0,26,4,2,12,0,4,-1,-1,-1,38,4.148148148148148,27,1.0,0.294921875,2.5750496675982344,5
0,-1,-1,-1,12,-1,4,2,18,4,9,4.285714285714286,28,1.0,0.0869140625,2.752071125352625,5
0,-1,-1,-1,12,-1,4,2,18,4,30,4.377358490566038,53,1.0,0.1103515625,2.74724671978418,5
0,26,4,2,12,0,4,-1,-1,-1,6,4.430769230769231,65,1.0,0.0986328125,2.7636095657183253,6
0,26,4,2,12,0,4,-1,-1,-1,20,4.430769230769231,65,1.0,0.0654296875,2.7618852173318453,5
0,26,4,2,12,0,4,-1,-1,-1,41,4.47244094488189,127,1.0,0.064453125,2.7612844293587036,5
0,46,28,0,4,0,5,-1,-1,-1,2,3.2,5,0.87109375,0.12890624992,1.2331993934807775,0
0,46,28,0,4,0,5,-1,-1,-1,3,3.2,5,0.75,0.249999999895,1.6634424521466293,2
0,46,28,0,4,0,5,-1,-1,-1,5,3.2,5,0.7919921875,0.2080078124,1.4847888131861597,0
0,-1,-1,-1,4,-1,5,10,0,8,7,3.2,5,0.724609375,0.2753906249,1.7122663058806926,2
0,-1,-1,-1,4,-1,5,10,0,8,11,3.2,5,0.6962890625,0.30371093739,1.8103790030933509,2
0,46,28,0,4,0,5,-1,-1,-1,18,3.2,5,0.775390625,0.224609374895,1.5256833652243926,1
0,-1,-1,-1,4,-1,5,10,0,8,19,3.2,5,0.68359375,0.31640624989,1.8179352955411374,1
0,46,28,0,4,0,5,-1,-1,-1,21,3.2,5,0.880859375,0.11914062494,1.1586467146284853,0
0,46,28,0,4,-1,5,-1,-1,-1,26,3.2,5,0.8466796875,0.15332031243,1.3177181193969032,2
0,46,28,0,4,0,5,-1,-1,-1,29,3.2,5,0.5126953125,0.48730468738,2.2082847776002734,2
0,46,28,0,4,0,5,-1,-1,-1,31,3.2,5,0.8642578125,0.135742187425,1.2764441464692984,0
0,46,28,0,4,0,5,-1,-1,-1,33,3.2,5,0.9130859375,0.08691406245,1.0515124035136885,0
0,-1,-1,-1,4,-1,5,10,0,8,36,2.4,5,0.34375,0.656249999855,2.713893882233149,0
0,46,28,0,4,-1,5,-1,-1,-1,39,3.2,5,0.779296875,0.220703124905,1.5363175798190458,1
0,46,28,0,4,-1,5,-1,-1,-1,40,3.2,5,0.8046875,0.195312499915,1.4555389425535175,1
0,46,28,0,4,0,5,-1,-1,-1,42,4.8,5,0.65234375,0.347656249885,1.9106298891657143,0
0,46,28,0,4,0,5,-1,-1,-1,10,3.4285714285714284,7,0.8896484375,0.110351562425,1.1762007290820025,3
0,46,28,0,4,0,5,-1,-1,-1,14,3.4285714285714284,7,0.8701171875,0.129882812435,1.221176615278484,3
0,46,28,0,4,0,5,-1,-1,-1,17,3.4285714285714284,7,0.9423828125,0.057617187439999995,0.941396064921414,3
0,46,28,0,4,0,5,-1,-1,-1,25,3.4285714285714284,7,0.857421875,0.142578124925,1.2827460160999145,2
0,-1,-1,-1,4,-1,5,10,0,8,22,2.5714285714285716,14,0.765625,0.234374999905,1.5692898120105976,0
0,46,28,0,4,0,5,-1,-1,-1,12,4.0,16,0.9052734375,0.094726562425,1.0994864920188367,2
0,-1,-1,-1,4,-1,5,10,0,8,32,2.75,16,1.0,0.0078125,0.6342334578856221,0
0,-1,-1,-1,4,-1,5,10,0,8,0,4.6,20,0.7939453125,0.206054687425,1.4251484615666299,0
0,-1,-1,-1,4,-1,5,10,0,8,4,4.6,20,0.7978515625,0.20214843742,1.4209967309249498,0
0,-1,-1,-1,4,-1,5,10,0,8,15,4.6,20,0.669921875,0.33007812488,1.901624525393381,0
0,-1,-1,-1,4,-1,5,10,0,8,28,4.6,20,0.712890625,0.287109374895,1.7946629799532359,0
0,-1,-1,-1,4,-1,5,10,0,8,34,4.6,20,0.7763671875,0.22363281239,1.552842955675152,0
0,-1,-1,-1,4,-1,5,10,0,8,37,7.0,20,0.7578125,0.24218749989,1.6287478815484189,5
0,46,28,0,4,0,5,-1,-1,-1,8,4.148148148148148,27,0.91015625,0.113281249935,1.1097488356609522,2
0,46,28,0,4,0,5,-1,-1,-1,13,4.148148148148148,27,0.9365234375,0.06347656244,0.9764218671968106,2
0,46,28,0,4,0,5,-1,-1,-1,16,4.148148148148148,27,0.9501953125,0.049804687439999995,0.9186062530811844,2
0,46,28,0,4,0,5,-1,-1,-1,23,4.148148148148148,27,0.9150390625,0.119140624925,1.1008268274783308,2
0,46,28,0,4,0,5,-1,-1,-1,24,4.148148148148148,27,0.875,0.12499999990499999,1.2628828241425074,2
0,46,28,0,4,0,5,-1,-1,-1,27,4.148148148148148,27,0.890625,0.109374999925,1.1726914315229267,2
0,46,28,0,4,0,5,-1,-1,-1,35,4.148148148148148,27,0.908203125,0.09374999993,1.082859446453536,2
0,46,28,0,4,0,5,-1,-1,-1,38,4.148148148148148,27,0.787109375,0.2128906249,1.5428821107438104,2
0,-1,-1,-1,4,-1,5,10,0,8,9,4.285714285714286,28,0.533203125,0.46679687487,2.204114688406816,0
0,-1,-1,-1,4,-1,5,10,0,8,30,4.377358490566038,53,0.458984375,0.54101562487,2.3223655180975773,0
0,46,28,0,4,0,5,-1,-1,-1,6,4.430769230769231,65,0.8291015625,0.17089843741,1.392788751001981,0
0,46,28,0,4,0,5,-1,-1,-1,20,4.430769230769231,65,0.1884765625,0.811523437365,2.4789167158358065,0
0,46,28,0,4,0,5,-1,-1,-1,41,4.47244094488189,127,0.8046875,0.195312499925,1.4398892316997627,0
15,30,15,0,8,0,5,-1,-1,-1,2,3.2,5,0.8603515625,0.279296874905,2.491109805258708,4
15,30,15,0,8,0,5,-1,-1,-1,3,3.2,5,0.759765625,0.312499999885,2.5841644880673362,4
15,30,15,0,8,0,5,-1,-1,-1,5,3.2,5,0.671875,0.4541015624,2.9224773449159986,5
15,-1,-1,-1,8,-1,5,5,5,5,7,3.2,5,0.8642578125,0.280273437415,2.505492089677865,4
15,-1,-1,-1,8,-1,5,5,5,5,11,3.2,5,0.8798828125,0.294921874925,2.5604836922145053,3
15,30,15,0,8,0,5,-1,-1,-1,18,3.2,5,0.818359375,0.29394531239,2.472135197704284,3
15,-1,-1,-1,8,-1,5,5,5,5,19,3.2,5,0.7861328125,0.3632812499,2.6393091033604996,4
15,30,15,0,8,0,5,-1,-1,-1,21,3.2,5,0.859375,0.31835937492,2.4761397951118194,4
15,30,15,0,8,-1,5,-1,-1,-1,26,3.2,5,0.93359375,0.166992187435,2.133613024434915,4
15,30,15,0,8,0,5,-1,-1,-1,29,3.2,5,0.7802734375,0.395507812415,2.763540591390619,3
15,30,15,0,8,0,5,-1,-1,-1,31,3.2,5,0.8193359375,0.24902343739,2.4223047882874957,5
15,30,15,0,8,0,5,-1,-1,-1,33,3.2,5,0.9072265625,0.155273437415,2.109396413833553,5
15,-1,-1,-1,8,-1,5,5,5,5,36,2.4,5,0.61328125,0.629882812405,3.167341148487789,1
15,30,15,0,8,-1,5,-1,-1,-1,39,3.2,5,0.8671875,0.242187499915,2.3513720353483403,3
15,30,15,0,8,-1,5,-1,-1,-1,40,3.2,5,0.84375,0.2529296874,2.3794596794832383,4
15,30,15,0,8,0,5,-1,-1,-1,42,4.8,5,0.6826171875,0.481445312395,2.628506793985303,1
15,30,15,0,8,0,5,-1,-1,-1,10,3.4285714285714284,7,0.9208984375,0.181640624925,2.187096862520333,5
15,30,15,0,8,0,5,-1,-1,-1,14,3.4285714285714284,7,0.84765625,0.242187499905,2.3837034600632694,6
15,30,15,0,8,0,5,-1,-1,-1,17,3.4285714285714284,7,0.912109375,0.141601562405,2.0661366689234972,4
15,30,15,0,8,0,5,-1,-1,-1,25,3.4285714285714284,7,0.8984375,0.206054687415,2.2941301645931316,4
15,-1,-1,-1,8,-1,5,5,5,5,22,2.5714285714285716,14,0.69140625,0.39648437489,2.7355903380593416,5
15,30,15,0,8,0,5,-1,-1,-1,12,4.0,16,0.9287109375,0.12890624993,2.0253322519838055,3
15,-1,-1,-1,8,-1,5,5,5,5,32,2.75,16,0.9970703125,0.027343749959999997,1.4357530682316182,5
15,-1,-1,-1,8,-1,5,5,5,5,0,4.6,20,0.80859375,0.259765624895,2.4091246206181416,4
15,-1,-1,-1,8,-1,5,5,5,5,4,4.6,20,0.837890625,0.254882812415,2.3837600471120197,5
15,-1,-1,-1,8,-1,5,5,5,5,15,4.6,20,0.591796875,0.539062499885,3.0951690599623407,5
15,-1,-1,-1,8,-1,5,5,5,5,28,4.6,20,0.716796875,0.363281249885,2.701986835896564,3
15,-1,-1,-1,8,-1,5,5,5,5,34,4.6,20,0.8271484375,0.316406249905,2.60191771005431,5
15,-1,-1,-1,8,-1,5,5,5,5,37,7.0,20,0.87109375,0.336914062415,2.6112707016609678,7
15,30,15,0,8,0,5,-1,-1,-1,8,4.148148148148148,27,0.916015625,0.14062499991,2.0479227215578777,5
15,30,15,0,8,0,5,-1,-1,-1,13,4.148148148148148,27,0.9423828125,0.143554687425,1.9773074030659399,4
15,30,15,0,8,0,5,-1,-1,-1,16,4.148148148148148,27,0.958984375,0.07714843745,1.8188730163869662,3
15,30,15,0,8,0,5,-1,-1,-1,23,4.148148148148148,27,0.9208984375,0.114257812435,1.9675425884222468,3
15,30,15,0,8,0,5,-1,-1,-1,24,4.148148148148148,27,0.9228515625,0.157226562425,2.1114716938665907,5
15,30,15,0,8,0,5,-1,-1,-1,27,4.148148148148148,27,0.9091796875,0.12011718739999999,1.9653568282578668,4
15,30,15,0,8,0,5,-1,-1,-1,35,4.148148148148148,27,0.8935546875,0.148437499905,2.088515173545289,4
15,30,15,0,8,0,5,-1,-1,-1,38,4.148148148148148,27,0.677734375,0.504882812405,2.9981172168863366,4
15,-1,-1,-1,8,-1,5,5,5,5,9,4.285714285714286,28,0.640625,0.513671874895,3.0190468925412453,5
15,-1,-1,-1,8,-1,5,5,5,5,30,4.377358490566038,53,0.7734375,0.492187499925,2.958984450850466,4
15,30,15,0,8,0,5,-1,-1,-1,6,4.430769230769231,65,0.875,0.20703124991,2.26396505462797,5
15,30,15,0,8,0,5,-1,-1,-1,20,4.430769230769231,65,0.830078125,0.2558593749,2.412670534993493,5
15,30,15,0,8,0,5,-1,-1,-1,41,4.47244094488189,127,0.8994140625,0.15917968741,2.112688622670429,3
0,-1,-1,-1,5,-1,10,0,1,20,22,2.5714285714285716,14,0.27734375,0.722656249535,3.1818432292429746,11
0,41,20,0,5,0,10,-1,-1,-1,12,4.0,16,0.5693359375,0.430664062195,2.0929964365762235,15
0,-1,-1,-1,5,-1,10,0,1,20,32,2.75,16,1.0,0.0,-1.0000004999175666e-06,12
0,-1,-1,-1,5,-1,10,0,1,20,0,4.6,20,0.2724609375,0.7275390618049999,3.4960214665638105,9
0,-1,-1,-1,5,-1,10,0,1,20,4,4.6,20,0.44140625,0.558593749495,2.691586584350795,7
0,-1,-1,-1,5,-1,10,0,1,20,15,4.6,20,0.224609375,0.7753906241999999,3.842157573432731,12
0,-1,-1,-1,5,-1,10,0,1,20,28,4.6,20,0.087890625,0.9121093740199999,4.361520628422999,9
0,-1,-1,-1,5,-1,10,0,1,20,34,4.6,20,0.44140625,0.558593749435,2.826729969611779,9
0,-1,-1,-1,5,-1,10,0,1,20,37,7.0,20,0.3232421875,0.676757812095,2.8642998199644665,9
0,41,20,0,5,0,10,-1,-1,-1,8,4.148148148148148,27,0.6240234375,0.375976562215,1.8835157859863996,17
0,41,20,0,5,0,10,-1,-1,-1,13,4.148148148148148,27,0.6884765625,0.31152343727,1.616059747317031,17
0,41,20,0,5,0,10,-1,-1,-1,16,4.148148148148148,27,0.7294921875,0.27050781227,1.4421605447476094,15
0,41,20,0,5,0,10,-1,-1,-1,23,4.148148148148148,27,0.583984375,0.416015624685,2.029997602630841,15
0,41,20,0,5,0,10,-1,-1,-1,24,4.148148148148148,27,0.546875,0.45312499958499997,2.273076481243659,17
0,41,20,0,5,0,10,-1,-1,-1,27,4.148148148148148,27,0.58984375,0.4101562497,2.0120596564049418,17
0,41,20,0,5,0,10,-1,-1,-1,35,4.148148148148148,27,0.5849609375,0.41503906213999997,2.1236938881816783,17
0,41,20,0,5,0,10,-1,-1,-1,38,4.148148148148148,27,0.1181640625,0.8818359366299999,4.2398508764811735,17
0,-1,-1,-1,5,-1,10,0,1,20,9,4.285714285714286,28,0.0595703125,0.9404296863249999,4.564712188142069,13
0,-1,-1,-1,5,-1,10,0,1,20,30,4.377358490566038,53,0.0498046875,0.9501953113849999,4.670533591098559,15
0,41,20,0,5,0,10,-1,-1,-1,6,4.430769230769231,65,0.4970703125,0.502929687065,2.487909329687452,17
0,41,20,0,5,0,10,-1,-1,-1,20,4.430769230769231,65,0.3046875,0.695312499545,2.8504561663744785,17
0,41,20,0,5,0,10,-1,-1,-1,41,4.47244094488189,127,0.57421875,0.42578124962499997,2.146850236100349,32
0,-1,-1,-1,24,-1,9,57,0,0,22,2.5714285714285716,14,0.736328125,0.4648437490599999,5.49999902963087,7
0,171,114,0,24,0,9,-1,-1,-1,12,4.0,16,0.8544921875,0.30273437423499994,5.157067893358772,14
0,-1,-1,-1,24,-1,9,57,0,0,32,2.75,16,0.9228515625,0.24609374947999996,4.903570014055039,8
0,-1,-1,-1,24,-1,9,57,0,0,0,4.6,20,0.7578125,0.40234374916999993,5.460920383759922,21
0,-1,-1,-1,24,-1,9,57,0,0,4,4.6,20,0.822265625,0.31933593673499994,5.327682361304443,15
0,-1,-1,-1,24,-1,9,57,0,0,15,4.6,20,0.7509765625,0.3994140615499999,5.550218758945096,8
0,-1,-1,-1,24,-1,9,57,0,0,28,4.6,20,0.7724609375,0.4570312490949999,5.477272986170438,8
0,-1,-1,-1,24,-1,9,57,0,0,34,4.6,20,0.7783203125,0.35742187414999993,5.418719945294411,21
0,-1,-1,-1,24,-1,9,57,0,0,37,7.0,20,0.7734375,0.3916015616199999,5.478234554382765,20
0,171,114,0,24,0,9,-1,-1,-1,8,4.148148148148148,27,0.8662109375,0.29785156177499994,5.2084421856246,16
0,171,114,0,24,0,9,-1,-1,-1,13,4.148148148148148,27,0.857421875,0.29980468678499994,5.156529253691713,12
0,171,114,0,24,0,9,-1,-1,-1,16,4.148148148148148,27,0.8818359375,0.30566406176499994,5.034354479758411,14
0,171,114,0,24,0,9,-1,-1,-1,23,4.148148148148148,27,0.82421875,0.32910156163999993,5.25358781727224,14
0,171,114,0,24,0,9,-1,-1,-1,24,4.148148148148148,27,0.814453125,0.31347656169999993,5.2007074088929475,21
0,171,114,0,24,0,9,-1,-1,-1,27,4.148148148148148,27,0.8154296875,0.36914062418999993,5.257321945021839,17
0,171,114,0,24,0,9,-1,-1,-1,35,4.148148148148148,27,0.8525390625,0.30761718680499994,5.207290808211536,13
0,171,114,0,24,0,9,-1,-1,-1,38,4.148148148148148,27,0.7109375,0.4580078114899999,5.631997511881621,17
0,-1,-1,-1,24,-1,9,57,0,0,9,4.285714285714286,28,0.7509765625,0.4482421865149999,5.347353345991096,0
0,-1,-1,-1,24,-1,9,57,0,0,30,4.377358490566038,53,0.68359375,0.5097656239299999,5.6758005591289145,0
0,171,114,0,24,0,9,-1,-1,-1,6,4.430769230769231,65,0.8349609375,0.33007812420499993,5.280370271895532,9
0,171,114,0,24,0,9,-1,-1,-1,20,4.430769230769231,65,0.6669921875,0.5458984364949999,5.538637415348937,9
0,171,114,0,24,0,9,-1,-1,-1,41,4.47244094488189,127,0.8359375,0.35058593676999994,5.354448333535333,27
0,48,9,0,20,0,5,-1,-1,-1,2,3.2,5,0.603515625,0.396484374865,2.4190791077976774,9
0,48,9,0,20,0,5,-1,-1,-1,3,3.2,5,0.6689453125,0.331054687355,2.3176257844352666,8
0,48,9,0,20,0,5,-1,-1,-1,5,3.2,5,0.3974609375,0.602539062355,2.8959019135052793,9
0,-1,-1,-1,20,-1,5,0,30,9,7,3.2,5,0.5859375,0.414062499855,2.522057303817268,10
0,-1,-1,-1,20,-1,5,0,30,9,11,3.2,5,0.4921875,0.507812499855,2.796712946661245,8
0,48,9,0,20,0,5,-1,-1,-1,18,3.2,5,0.7392578125,0.26074218736,2.0825678426939613,8
0,-1,-1,-1,20,-1,5,0,30,9,19,3.2,5,0.603515625,0.39648437486,2.494420762591425,8
0,48,9,0,20,0,5,-1,-1,-1,21,3.2,5,0.693359375,0.306640624895,2.085963174835948,9
0,48,9,0,20,-1,5,-1,-1,-1,26,3.2,5,0.7880859375,0.2119140624,1.841783452098114,6
0,48,9,0,20,0,5,-1,-1,-1,29,3.2,5,0.3251953125,0.674804687355,3.098706978061021,10
0,48,9,0,20,0,5,-1,-1,-1,31,3.2,5,0.7509765625,0.24902343737,2.060267212141302,9
0,48,9,0,20,0,5,-1,-1,-1,33,3.2,5,0.8505859375,0.149414062405,1.6756241171996085,9
0,-1,-1,-1,20,-1,5,0,30,9,36,2.4,5,0.2080078125,0.791992187355,3.322406115833708,8
0,48,9,0,20,-1,5,-1,-1,-1,39,3.2,5,0.6904296875,0.30957031237,2.223325591993108,7
0,48,9,0,20,-1,5,-1,-1,-1,40,3.2,5,0.7275390625,0.27246093737,2.069610989461169,7
0,48,9,0,20,0,5,-1,-1,-1,42,4.8,5,0.416015625,0.583984374865,2.6176298461658307,7
0,48,9,0,20,0,5,-1,-1,-1,10,3.4285714285714284,7,0.658203125,0.341796874865,2.351434160807835,11
0,48,9,0,20,0,5,-1,-1,-1,14,3.4285714285714284,7,0.6591796875,0.34082031236,2.3182252427966614,9
0,48,9,0,20,0,5,-1,-1,-1,17,3.4285714285714284,7,0.82421875,0.17578124989,1.7970978302978813,11
0,48,9,0,20,0,5,-1,-1,-1,25,3.4285714285714284,7,0.7587890625,0.24121093738,2.017660133160587,8
0,-1,-1,-1,20,-1,5,0,30,9,22,2.5714285714285716,14,0.515625,0.48437499986,2.634241274877733,9
0,48,9,0,20,0,5,-1,-1,-1,12,4.0,16,0.67578125,0.32421874987,2.2876964051202013,8
0,-1,-1,-1,20,-1,5,0,30,9,32,2.75,16,1.0,0.021484375,1.0339597113351437,10
0,-1,-1,-1,20,-1,5,0,30,9,0,4.6,20,0.46875,0.531249999855,2.784476683219144,9
0,-1,-1,-1,20,-1,5,0,30,9,4,4.6,20,0.6943359375,0.305664062375,2.100839966241178,9
0,-1,-1,-1,20,-1,5,0,30,9,15,4.6,20,0.451171875,0.54882812486,2.7162127135851026,9
0,-1,-1,-1,20,-1,5,0,30,9,28,4.6,20,0.53515625,0.46484374986,2.6405179038683277,9
0,-1,-1,-1,20,-1,5,0,30,9,34,4.6,20,0.5673828125,0.432617187355,2.5928317708836874,9
0,-1,-1,-1,20,-1,5,0,30,9,37,7.0,20,0.408203125,0.591796874855,2.8550229674494423,13
0,48,9,0,20,0,5,-1,-1,-1,8,4.148148148148148,27,0.6357421875,0.36425781236,2.4116094425806756,8
0,48,9,0,20,0,5,-1,-1,-1,13,4.148148148148148,27,0.798828125,0.201171874875,1.905892785176075,9
0,48,9,0,20,0,5,-1,-1,-1,16,4.148148148148148,27,0.7802734375,0.21972656237,1.9796149403049323,8
0,48,9,0,20,0,5,-1,-1,-1,23,4.148148148148148,27,0.7626953125,0.23730468738,1.9301425297798807,8
0,48,9,0,20,0,5,-1,-1,-1,24,4.148148148148148,27,0.5205078125,0.479492187355,2.6995814690329736,8
0,48,9,0,20,0,5,-1,-1,-1,27,4.148148148148148,27,0.38671875,0.613281249855,2.933251218696895,8
0,48,9,0,20,0,5,-1,-1,-1,35,4.148148148148148,27,0.724609375,0.27539062487,2.0628107172068773,9
0,48,9,0,20,0,5,-1,-1,-1,38,4.148148148148148,27,0.447265625,0.55273437487,2.7449297956349143,9
0,-1,-1,-1,20,-1,5,0,30,9,9,4.285714285714286,28,0.3310546875,0.668945312355,3.0908705355708594,9
0,-1,-1,-1,20,-1,5,0,30,9,30,4.377358490566038,53,0.2158203125,0.784179687355,3.307352620843342,9
0,48,9,0,20,0,5,-1,-1,-1,6,4.430769230769231,65,0.7333984375,0.26660156236,2.1334365619604116,9
0,48,9,0,20,0,5,-1,-1,-1,20,4.430769230769231,65,0.1357421875,0.864257812355,3.4391864644638477,9
0,48,9,0,20,0,5,-1,-1,-1,41,4.47244094488189,127,0.5009765625,0.499023437355,2.7495429176719455,9
0,13,2,2,10,0,4,-1,-1,-1,2,3.2,5,0.734375,0.265624999925,1.1675512130538952,4
0,13,2,2,10,0,4,-1,-1,-1,3,3.2,5,0.583984375,0.416015624925,1.5965164402838854,8
0,13,2,2,10,0,4,-1,-1,-1,5,3.2,5,0.4677734375,0.532226562425,1.8208830979031267,4
0,-1,-1,-1,10,-1,4,2,9,2,7,3.2,5,0.6552734375,0.34472656243,1.3425921893770816,10
0,-1,-1,-1,10,-1,4,2,9,2,11,3.2,5,0.5654296875,0.434570312425,1.6442324746759824,9
0,13,2,2,10,0,4,-1,-1,-1,18,3.2,5,0.7021484375,0.297851562425,1.2952735699060378,9
0,-1,-1,-1,10,-1,4,2,9,2,19,3.2,5,0.6455078125,0.35449218743,1.3242404633319276,9
0,13,2,2,10,0,4,-1,-1,-1,21,3.2,5,0.7939453125,0.206054687455,0.8277338487158519,4
0,13,2,2,10,-1,4,-1,-1,-1,26,3.2,5,0.712890625,0.28710937493,1.1083603464456488,9
0,13,2,2,10,0,4,-1,-1,-1,29,3.2,5,0.44921875,0.550781249925,1.8555873712255282,8
0,13,2,2,10,0,4,-1,-1,-1,31,3.2,5,0.7451171875,0.254882812425,1.1171673885853437,4
0,13,2,2,10,0,4,-1,-1,-1,33,3.2,5,0.8544921875,0.14550781244,0.6945234091056183,4
0,-1,-1,-1,10,-1,4,2,9,2,36,2.4,5,0.25,0.749999999925,2.3535828760414614,5
0,13,2,2,10,-1,4,-1,-1,-1,39,3.2,5,0.6708984375,0.329101562425,1.320235014071032,9
0,13,2,2,10,-1,4,-1,-1,-1,40,3.2,5,0.6220703125,0.377929687425,1.521147026003826,10
0,13,2,2,10,0,4,-1,-1,-1,42,4.8,5,0.439453125,0.560546874925,1.643386353183626,4
0,13,2,2,10,0,4,-1,-1,-1,10,3.4285714285714284,7,0.6513671875,0.348632812425,1.434239595116501,9
0,13,2,2,10,0,4,-1,-1,-1,14,3.4285714285714284,7,0.693359375,0.30664062493,1.1517699693419243,8
0,13,2,2,10,0,4,-1,-1,-1,17,3.4285714285714284,7,0.87890625,0.121093749935,0.6276911907994667,7
0,13,2,2,10,0,4,-1,-1,-1,25,3.4285714285714284,7,0.71484375,0.285156249925,1.2687792012834218,9
0,-1,-1,-1,10,-1,4,2,9,2,22,2.5714285714285716,14,0.60546875,0.394531249925,1.591785801776234,4
0,13,2,2,10,0,4,-1,-1,-1,12,4.0,16,0.640625,0.359374999925,1.3878352158055065,4
0,-1,-1,-1,10,-1,4,2,9,2,32,2.75,16,1.0,0.0,-1.0000004999175666e-06,4
0,-1,-1,-1,10,-1,4,2,9,2,0,4.6,20,0.55859375,0.441406249925,1.4352240246691366,4
0,-1,-1,-1,10,-1,4,2,9,2,4,4.6,20,0.6494140625,0.35058593743,1.327802477976922,4
0,-1,-1,-1,10,-1,4,2,9,2,15,4.6,20,0.55859375,0.441406249935,1.4271086978421406,4
0,-1,-1,-1,10,-1,4,2,9,2,28,4.6,20,0.6923828125,0.307617187435,1.165123007246485,4
0,-1,-1,-1,10,-1,4,2,9,2,34,4.6,20,0.56640625,0.433593749925,1.744087488527283,4
0,-1,-1,-1,10,-1,4,2,9,2,37,7.0,20,0.6806640625,0.31933593743,1.3106699303031286,10
0,13,2,2,10,0,4,-1,-1,-1,8,4.148148148148148,27,0.8125,0.187499999925,0.9007662432435148,4
0,13,2,2,10,0,4,-1,-1,-1,13,4.148148148148148,27,0.8564453125,0.14355468743,0.7101931425777048,4
0,13,2,2,10,0,4,-1,-1,-1,16,4.148148148148148,27,0.8994140625,0.10058593744,0.5115226862486544,4
0,13,2,2,10,0,4,-1,-1,-1,23,4.148148148148148,27,0.8525390625,0.14746093743,0.7220122297279854,4
0,13,2,2,10,0,4,-1,-1,-1,24,4.148148148148148,27,0.783203125,0.21679687495,0.9288978379202462,4
0,13,2,2,10,0,4,-1,-1,-1,27,4.148148148148148,27,0.728515625,0.271484374925,1.1943076454709234,4
0,13,2,2,10,0,4,-1,-1,-1,35,4.148148148148148,27,0.7353515625,0.264648437425,1.1789331645587473,4
0,13,2,2,10,0,4,-1,-1,-1,38,4.148148148148148,27,0.2138671875,0.786132812425,2.274994214172193,4
0,-1,-1,-1,10,-1,4,2,9,2,9,4.285714285714286,28,0.45703125,0.542968749925,1.8667844936957239,4
0,-1,-1,-1,10,-1,4,2,9,2,30,4.377358490566038,53,0.345703125,0.654296874925,2.20020922315003,4
0,13,2,2,10,0,4,-1,-1,-1,6,4.430769230769231,65,0.791015625,0.20898437493,0.9503756883561518,4
0,13,2,2,10,0,4,-1,-1,-1,20,4.430769230769231,65,0.7900390625,0.209960937435,0.995823304638633,4
0,13,2,2,10,0,4,-1,-1,-1,41,4.47244094488189,127,0.8740234375,0.125976562445,0.5991343490484444,4
0,-1,-1,-1,18,-1,10,30,0,36,22,2.5714285714285716,14,0.4052734375,0.594726561885,2.984409963965744,7
0,162,96,0,18,0,10,-1,-1,-1,12,4.0,16,0.638671875,0.36718749965999997,1.9010551534532858,24
0,-1,-1,-1,18,-1,10,30,0,36,32,2.75,16,0.9990234375,0.00097656249,0.007750032879220652,0
0,-1,-1,-1,18,-1,10,30,0,36,0,4.6,20,0.4404296875,0.55957031195,2.7375606398571035,19
0,-1,-1,-1,18,-1,10,30,0,36,4,4.6,20,0.4931640625,0.50683593702,2.5302391206099446,7
0,-1,-1,-1,18,-1,10,30,0,36,15,4.6,20,0.3193359375,0.6806640617699999,3.4115621133447944,15
0,-1,-1,-1,18,-1,10,30,0,36,28,4.6,20,0.46484375,0.53515624944,2.7363899268374876,16
0,-1,-1,-1,18,-1,10,30,0,36,34,4.6,20,0.4560546875,0.54394531197,2.7095658477811084,6
0,-1,-1,-1,18,-1,10,30,0,36,37,7.0,20,0.275390625,0.7246093742349999,3.513076530155339,17
0,162,96,0,18,0,10,-1,-1,-1,8,4.148148148148148,27,0.7236328125,0.27636718726,1.4880923469832052,28
0,162,96,0,18,0,10,-1,-1,-1,13,4.148148148148148,27,0.705078125,0.294921874765,1.5341368688868655,35
0,162,96,0,18,0,10,-1,-1,-1,16,4.148148148148148,27,0.7958984375,0.20410156231999999,1.1376827801790688,25
0,162,96,0,18,0,10,-1,-1,-1,23,4.148148148148148,27,0.73046875,0.26953124976,1.4358463735921425,31
0,162,96,0,18,0,10,-1,-1,-1,24,4.148148148148148,27,0.5966796875,0.40332031214499997,2.0629216510475104,25
0,162,96,0,18,0,10,-1,-1,-1,27,4.148148148148148,27,0.6328125,0.36718749964999997,1.9183206182762575,25
0,162,96,0,18,0,10,-1,-1,-1,35,4.148148148148148,27,0.658203125,0.341796874685,1.7647249950863801,27
0,162,96,0,18,0,10,-1,-1,-1,38,4.148148148148148,27,0.1845703125,0.8154296863549999,4.237609380873615,30
0,-1,-1,-1,18,-1,10,30,0,36,9,4.285714285714286,28,0.251953125,0.7480468742099999,3.6315076251783744,26
0,-1,-1,-1,18,-1,10,30,0,36,30,4.377358490566038,53,0.1396484375,0.8613281237499999,4.559353078920858,25
0,162,96,0,18,0,10,-1,-1,-1,6,4.430769230769231,65,0.5400390625,0.45996093707499996,2.319267579076115,0
0,162,96,0,18,0,10,-1,-1,-1,20,4.430769230769231,65,0.1328125,0.86718749942,3.2004139264481406,0
0,162,96,0,18,0,10,-1,-1,-1,41,4.47244094488189,127,0.6787109375,0.321289062205,1.6620011197067108,17
