id,rz,sx,x,cx,reset,measure,u3,u2,u1,Machine,AvgDegree,NumQubit,PST,TVD,Entropy,Swaps
0,26,4,2,20,0,4,-1,-1,-1,2,3.2,5,0.5009765625,0.499023437425,1.981004222186666,8
0,26,4,2,20,0,4,-1,-1,-1,3,3.2,5,0.2978515625,0.702148437425,2.4347336645848254,16
0,26,4,2,20,0,4,-1,-1,-1,5,3.2,5,0.1669921875,0.833007812425,2.652690329911654,10
0,-1,-1,-1,20,-1,4,2,4,18,7,3.2,5,0.478515625,0.521484374925,2.0266027261251915,16
0,-1,-1,-1,20,-1,4,2,4,18,11,3.2,5,0.3173828125,0.682617187425,2.4230841391105256,16
0,26,4,2,20,0,4,-1,-1,-1,18,3.2,5,0.4775390625,0.522460937425,1.981406319120829,14
0,-1,-1,-1,20,-1,4,2,4,18,19,3.2,5,0.404296875,0.595703124925,2.2023238744838176,17
0,26,4,2,20,0,4,-1,-1,-1,21,3.2,5,0.6083984375,0.391601562425,1.50391966548729,8
0,26,4,2,20,-1,4,-1,-1,-1,26,3.2,5,0.6083984375,0.391601562425,1.6017114255288685,16
0,26,4,2,20,0,4,-1,-1,-1,29,3.2,5,0.2001953125,0.799804687425,2.613108182339481,16
0,26,4,2,20,0,4,-1,-1,-1,31,3.2,5,0.486328125,0.513671874925,1.9942369774589688,8
0,26,4,2,20,0,4,-1,-1,-1,33,3.2,5,0.736328125,0.263671874925,1.2029332108172264,8
0,-1,-1,-1,20,-1,4,2,4,18,36,2.4,5,0.146484375,0.853515624925,2.681648983636578,7
0,26,4,2,20,-1,4,-1,-1,-1,39,3.2,5,0.5205078125,0.479492187425,1.816788619153229,16
0,26,4,2,20,-1,4,-1,-1,-1,40,3.2,5,0.490234375,0.509765624925,1.9274042903297,16
0,26,4,2,20,0,4,-1,-1,-1,42,4.8,5,0.138671875,0.861328124925,2.28323492382015,7
0,26,4,2,20,0,4,-1,-1,-1,10,3.4285714285714284,7,0.435546875,0.564453124925,2.145724838835745,13
0,26,4,2,20,0,4,-1,-1,-1,14,3.4285714285714284,7,0.5068359375,0.493164062425,1.681418364868828,15
0,26,4,2,20,0,4,-1,-1,-1,17,3.4285714285714284,7,0.7431640625,0.256835937425,1.195022972859243,15
0,26,4,2,20,0,4,-1,-1,-1,25,3.4285714285714284,7,0.5458984375,0.454101562425,1.8287392814700951,16
0,-1,-1,-1,20,-1,4,2,4,18,22,2.5714285714285716,14,0.359375,0.640624999925,2.2472123192799263,8
0,26,4,2,20,0,4,-1,-1,-1,12,4.0,16,0.4541015625,0.545898437425,2.0566701852886835,10
0,-1,-1,-1,20,-1,4,2,4,18,32,2.75,16,1.0,0.0,-1.0000004999175666e-06,10
0,-1,-1,-1,20,-1,4,2,4,18,0,4.6,20,0.3212890625,0.678710937425,2.25621180614927,8
0,-1,-1,-1,20,-1,4,2,4,18,4,4.6,20,0.4765625,0.523437499925,2.0103811860921086,8
0,-1,-1,-1,20,-1,4,2,4,18,15,4.6,20,0.3662109375,0.633789062425,2.120595962975041,8
0,-1,-1,-1,20,-1,4,2,4,18,28,4.6,20,0.45703125,0.542968749925,2.0253775923810338,8
0,-1,-1,-1,20,-1,4,2,4,18,34,4.6,20,0.3642578125,0.635742187425,2.3143309473410665,8
0,-1,-1,-1,20,-1,4,2,4,18,37,7.0,20,0.49609375,0.503906249925,1.9471531455320439,9
0,26,4,2,20,0,4,-1,-1,-1,8,4.148148148148148,27,0.693359375,0.306640624925,1.4011167957643698,10
0,26,4,2,20,0,4,-1,-1,-1,13,4.148148148148148,27,0.716796875,0.283203124925,1.1991910304388869,8
0,26,4,2,20,0,4,-1,-1,-1,16,4.148148148148148,27,0.771484375,0.228515624925,1.0698584130679445,8
0,26,4,2,20,0,4,-1,-1,-1,23,4.148148148148148,27,0.7138671875,0.286132812425,1.302485907193764,8
0,26,4,2,20,0,4,-1,-1,-1,24,4.148148148148148,27,0.6650390625,0.334960937425,1.4610369789282156,10
0,26,4,2,20,0,4,-1,-1,-1,27,4.148148148148148,27,0.5859375,0.414062499925,1.7212018077683346,10
0,26,4,2,20,0,4,-1,-1,-1,35,4.148148148148148,27,0.578125,0.421874999925,1.7321232103806068,8
0,26,4,2,20,0,4,-1,-1,-1,38,4.148148148148148,27,0.0703125,0.929687499925,2.611070277001358,8
0,-1,-1,-1,20,-1,4,2,4,18,9,4.285714285714286,28,0.341796875,0.658203124925,2.3225993156974973,8
0,-1,-1,-1,20,-1,4,2,4,18,30,4.377358490566038,53,0.1826171875,0.817382812425,2.639019785824182,8
0,26,4,2,20,0,4,-1,-1,-1,6,4.430769230769231,65,0.5947265625,0.405273437425,1.7154308343844442,8
0,26,4,2,20,0,4,-1,-1,-1,20,4.430769230769231,65,0.5693359375,0.430664062425,1.7897835727833638,10
0,26,4,2,20,0,4,-1,-1,-1,41,4.47244094488189,127,0.7373046875,0.262695312425,1.153871390527663,8
0,13,2,2,10,0,4,-1,-1,-1,2,3.2,5,0.7060546875,0.293945312425,1.273753028510623,4
0,13,2,2,10,0,4,-1,-1,-1,3,3.2,5,0.595703125,0.404296874925,1.6444872969326092,10
0,13,2,2,10,0,4,-1,-1,-1,5,3.2,5,0.4638671875,0.53613281243,1.8158417663753221,4
0,-1,-1,-1,10,-1,4,2,2,9,7,3.2,5,0.6064453125,0.39355468743,1.4974194377800787,8
0,-1,-1,-1,10,-1,4,2,2,9,11,3.2,5,0.6162109375,0.383789062425,1.5092944905424202,7
0,13,2,2,10,0,4,-1,-1,-1,18,3.2,5,0.68359375,0.316406249925,1.3343640603319105,10
0,-1,-1,-1,10,-1,4,2,2,9,19,3.2,5,0.6767578125,0.323242187435,1.283651705298916,7
0,13,2,2,10,0,4,-1,-1,-1,21,3.2,5,0.8017578125,0.19824218745,0.8067649475675511,4
0,13,2,2,10,-1,4,-1,-1,-1,26,3.2,5,0.7578125,0.242187499935,1.0174689697411976,8
0,13,2,2,10,0,4,-1,-1,-1,29,3.2,5,0.478515625,0.521484374925,1.8330097258851104,9
0,13,2,2,10,0,4,-1,-1,-1,31,3.2,5,0.7509765625,0.24902343743,1.1003190198303512,4
0,13,2,2,10,0,4,-1,-1,-1,33,3.2,5,0.865234375,0.134765624945,0.6658224218984886,4
0,-1,-1,-1,10,-1,4,2,2,9,36,2.4,5,0.26171875,0.738281249925,2.3790368635835373,4
0,13,2,2,10,-1,4,-1,-1,-1,39,3.2,5,0.6455078125,0.35449218743,1.3269025283084006,8
0,13,2,2,10,-1,4,-1,-1,-1,40,3.2,5,0.623046875,0.376953124925,1.4049485276768199,9
0,13,2,2,10,0,4,-1,-1,-1,42,4.8,5,0.26171875,0.73828124993,1.7988526059071845,5
0,13,2,2,10,0,4,-1,-1,-1,10,3.4285714285714284,7,0.6796875,0.320312499925,1.3434679217619145,9
0,13,2,2,10,0,4,-1,-1,-1,14,3.4285714285714284,7,0.6875,0.312499999935,1.105046749824772,7
0,13,2,2,10,0,4,-1,-1,-1,17,3.4285714285714284,7,0.865234375,0.134765624925,0.6866061289533745,8
0,13,2,2,10,0,4,-1,-1,-1,25,3.4285714285714284,7,0.7197265625,0.28027343744,1.1585992986648783,9
0,-1,-1,-1,10,-1,4,2,2,9,22,2.5714285714285716,14,0.623046875,0.37695312493,1.4554415599592603,4
0,13,2,2,10,0,4,-1,-1,-1,12,4.0,16,0.6728515625,0.327148437425,1.3949454885002388,4
0,-1,-1,-1,10,-1,4,2,2,9,32,2.75,16,1.0,0.0,-1.0000004999175666e-06,4
0,-1,-1,-1,10,-1,4,2,2,9,0,4.6,20,0.58984375,0.41015624993,1.458669528263062,4
0,-1,-1,-1,10,-1,4,2,2,9,4,4.6,20,0.69140625,0.30859374993,1.2446888015958582,4
0,-1,-1,-1,10,-1,4,2,2,9,15,4.6,20,0.560546875,0.439453124925,1.4984498596383584,4
0,-1,-1,-1,10,-1,4,2,2,9,28,4.6,20,0.70703125,0.292968749935,1.1444919873378574,4
0,-1,-1,-1,10,-1,4,2,2,9,34,4.6,20,0.58984375,0.410156249925,1.651392513815796,4
0,-1,-1,-1,10,-1,4,2,2,9,37,7.0,20,0.6689453125,0.33105468743,1.3145966558763083,8
0,13,2,2,10,0,4,-1,-1,-1,8,4.148148148148148,27,0.8095703125,0.190429687425,0.9177207550835967,4
0,13,2,2,10,0,4,-1,-1,-1,13,4.148148148148148,27,0.8271484375,0.17285156243,0.8332680593395375,4
0,13,2,2,10,0,4,-1,-1,-1,16,4.148148148148148,27,0.890625,0.109374999935,0.5582111352336387,4
0,13,2,2,10,0,4,-1,-1,-1,23,4.148148148148148,27,0.8359375,0.16406249993,0.7826313579690956,4
0,13,2,2,10,0,4,-1,-1,-1,24,4.148148148148148,27,0.8095703125,0.190429687435,0.841215535779242,4
0,13,2,2,10,0,4,-1,-1,-1,27,4.148148148148148,27,0.7080078125,0.291992187425,1.249572754120605,4
0,13,2,2,10,0,4,-1,-1,-1,35,4.148148148148148,27,0.73828125,0.26171874993,1.161080871701314,4
0,13,2,2,10,0,4,-1,-1,-1,38,4.148148148148148,27,0.234375,0.765624999925,2.2905525082175773,4
0,-1,-1,-1,10,-1,4,2,2,9,9,4.285714285714286,28,0.4423828125,0.557617187425,2.0253703025286827,4
0,-1,-1,-1,10,-1,4,2,2,9,30,4.377358490566038,53,0.3515625,0.648437499925,2.15686149904149,4
0,13,2,2,10,0,4,-1,-1,-1,6,4.430769230769231,65,0.7880859375,0.21191406244,0.9613777590746749,4
0,13,2,2,10,0,4,-1,-1,-1,20,4.430769230769231,65,0.763671875,0.236328124935,1.0706867286511461,4
0,13,2,2,10,0,4,-1,-1,-1,41,4.47244094488189,127,0.85546875,0.14453124994,0.6487976860627712,4
0,-1,-1,-1,18,-1,10,30,36,0,22,2.5714285714285716,14,0.416015625,0.58398437449,2.8478930934014905,4
0,162,96,0,18,0,10,-1,-1,-1,12,4.0,16,0.6083984375,0.39160156211999997,2.0267865778812646,32
0,-1,-1,-1,18,-1,10,30,36,0,32,2.75,16,1.0,0.001953124995,-1.0000004999175666e-06,0
0,-1,-1,-1,18,-1,10,30,36,0,0,4.6,20,0.5400390625,0.45996093709999997,2.277358746575303,10
0,-1,-1,-1,18,-1,10,30,36,0,4,4.6,20,0.5068359375,0.49316406209999997,2.353368416395152,17
0,-1,-1,-1,18,-1,10,30,36,0,15,4.6,20,0.25390625,0.7460937491899999,3.7207748814458768,15
0,-1,-1,-1,18,-1,10,30,36,0,28,4.6,20,0.451171875,0.548828124395,2.820042469901953,13
0,-1,-1,-1,18,-1,10,30,36,0,34,4.6,20,0.455078125,0.544921874405,2.7785910601329293,6
0,-1,-1,-1,18,-1,10,30,36,0,37,7.0,20,0.330078125,0.6699218742249999,3.398615860338066,20
0,162,96,0,18,0,10,-1,-1,-1,8,4.148148148148148,27,0.76171875,0.23828124979499998,1.2967514985221527,33
0,162,96,0,18,0,10,-1,-1,-1,13,4.148148148148148,27,0.703125,0.29785156226,1.5755649319173932,33
0,162,96,0,18,0,10,-1,-1,-1,16,4.148148148148148,27,0.8017578125,0.19824218729499998,1.0865606352423776,27
0,162,96,0,18,0,10,-1,-1,-1,23,4.148148148148148,27,0.685546875,0.314453124735,1.5910733584041956,32
0,162,96,0,18,0,10,-1,-1,-1,24,4.148148148148148,27,0.5859375,0.41406249958999997,2.108834156421868,31
0,162,96,0,18,0,10,-1,-1,-1,27,4.148148148148148,27,0.6533203125,0.34667968713499997,1.830850770727988,33
0,162,96,0,18,0,10,-1,-1,-1,35,4.148148148148148,27,0.662109375,0.33789062469,1.7369200525868036,28
0,162,96,0,18,0,10,-1,-1,-1,38,4.148148148148148,27,0.1630859375,0.8369140612699999,4.4360712942689435,36
0,-1,-1,-1,18,-1,10,30,36,0,9,4.285714285714286,28,0.0927734375,0.9072265615799999,4.012068489607624,23
0,-1,-1,-1,18,-1,10,30,36,0,30,4.377358490566038,53,0.111328125,0.8886718736749999,4.733364590843059,21
0,162,96,0,18,0,10,-1,-1,-1,6,4.430769230769231,65,0.552734375,0.44726562457499996,2.2555300208960944,0
0,162,96,0,18,0,10,-1,-1,-1,20,4.430769230769231,65,0.1328125,0.867187499375,3.2123535897924884,0
0,162,96,0,18,0,10,-1,-1,-1,41,4.47244094488189,127,0.75390625,0.2509765623,1.3533080964718989,17
0,48,9,0,20,0,5,-1,-1,-1,2,3.2,5,0.61328125,0.38671874986,2.4531872890060953,9
0,48,9,0,20,0,5,-1,-1,-1,3,3.2,5,0.6787109375,0.321289062355,2.288686871707004,7
0,48,9,0,20,0,5,-1,-1,-1,5,3.2,5,0.404296875,0.595703124855,2.8172753114462643,9
0,-1,-1,-1,20,-1,5,0,9,30,7,3.2,5,0.578125,0.42187499986,2.520677200485876,7
0,-1,-1,-1,20,-1,5,0,9,30,11,3.2,5,0.484375,0.515624999855,2.7641054737035846,7
0,48,9,0,20,0,5,-1,-1,-1,18,3.2,5,0.6787109375,0.32128906236,2.2281283547945923,8
0,-1,-1,-1,20,-1,5,0,9,30,19,3.2,5,0.6171875,0.382812499855,2.4384605413972014,8
0,48,9,0,20,0,5,-1,-1,-1,21,3.2,5,0.7353515625,0.2646484374,1.9857576022580885,9
0,48,9,0,20,-1,5,-1,-1,-1,26,3.2,5,0.771484375,0.22851562489,1.9275760160298163,7
0,48,9,0,20,0,5,-1,-1,-1,29,3.2,5,0.3408203125,0.659179687355,3.088622450411036,7
0,48,9,0,20,0,5,-1,-1,-1,31,3.2,5,0.73828125,0.26171874986,2.0863724547523415,9
0,48,9,0,20,0,5,-1,-1,-1,33,3.2,5,0.84375,0.15624999989,1.6920173553297013,9
0,-1,-1,-1,20,-1,5,0,9,30,36,2.4,5,0.25,0.749999999855,3.278094864065659,8
0,48,9,0,20,-1,5,-1,-1,-1,39,3.2,5,0.7138671875,0.28613281236,2.1980402435549657,8
0,48,9,0,20,-1,5,-1,-1,-1,40,3.2,5,0.69140625,0.308593749865,2.1876854529902023,9
0,48,9,0,20,0,5,-1,-1,-1,42,4.8,5,0.5224609375,0.47753906236,2.524745073275483,4
0,48,9,0,20,0,5,-1,-1,-1,10,3.4285714285714284,7,0.662109375,0.337890624855,2.32853296276016,11
0,48,9,0,20,0,5,-1,-1,-1,14,3.4285714285714284,7,0.630859375,0.369140624865,2.3961792714377466,8
0,48,9,0,20,0,5,-1,-1,-1,17,3.4285714285714284,7,0.814453125,0.18554687489,1.8480098449797204,8
0,48,9,0,20,0,5,-1,-1,-1,25,3.4285714285714284,7,0.72265625,0.277343749865,2.124783023589793,11
0,-1,-1,-1,20,-1,5,0,9,30,22,2.5714285714285716,14,0.5205078125,0.479492187355,2.6633879221455317,9
0,48,9,0,20,0,5,-1,-1,-1,12,4.0,16,0.697265625,0.30273437487,2.1840060585904286,9
0,-1,-1,-1,20,-1,5,0,9,30,32,2.75,16,1.0,0.017578125,1.034834243163277,7
0,-1,-1,-1,20,-1,5,0,9,30,0,4.6,20,0.224609375,0.775390624855,3.3051534486835896,9
0,-1,-1,-1,20,-1,5,0,9,30,4,4.6,20,0.66796875,0.33203124986,2.28870646008469,9
0,-1,-1,-1,20,-1,5,0,9,30,15,4.6,20,0.51171875,0.48828124986,2.6096230219281185,9
0,-1,-1,-1,20,-1,5,0,9,30,28,4.6,20,0.591796875,0.40820312486,2.5269082512128023,9
0,-1,-1,-1,20,-1,5,0,9,30,34,4.6,20,0.53515625,0.46484374986,2.6485773663575847,9
0,-1,-1,-1,20,-1,5,0,9,30,37,7.0,20,0.4443359375,0.555664062355,2.810811396312006,15
0,48,9,0,20,0,5,-1,-1,-1,8,4.148148148148148,27,0.6298828125,0.370117187365,2.403445295744175,8
0,48,9,0,20,0,5,-1,-1,-1,13,4.148148148148148,27,0.80078125,0.19921874988,1.8961723585969508,9
0,48,9,0,20,0,5,-1,-1,-1,16,4.148148148148148,27,0.7451171875,0.254882812375,2.0931991569789195,8
0,48,9,0,20,0,5,-1,-1,-1,23,4.148148148148148,27,0.7568359375,0.24316406239,1.9253785963968273,8
0,48,9,0,20,0,5,-1,-1,-1,24,4.148148148148148,27,0.533203125,0.466796874855,2.6876000331880525,8
0,48,9,0,20,0,5,-1,-1,-1,27,4.148148148148148,27,0.35546875,0.644531249855,3.0076897970580205,8
0,48,9,0,20,0,5,-1,-1,-1,35,4.148148148148148,27,0.7265625,0.273437499865,2.103893613209282,9
0,48,9,0,20,0,5,-1,-1,-1,38,4.148148148148148,27,0.451171875,0.548828124855,2.7128027803266845,8
0,-1,-1,-1,20,-1,5,0,9,30,9,4.285714285714286,28,0.4462890625,0.553710937355,2.8525352457984874,9
0,-1,-1,-1,20,-1,5,0,9,30,30,4.377358490566038,53,0.2080078125,0.791992187355,3.31210353136829,9
0,48,9,0,20,0,5,-1,-1,-1,6,4.430769230769231,65,0.70703125,0.292968749865,2.2188819802454436,9
0,48,9,0,20,0,5,-1,-1,-1,20,4.430769230769231,65,0.13671875,0.863281249855,3.435277703695181,9
0,48,9,0,20,0,5,-1,-1,-1,41,4.47244094488189,127,0.515625,0.484374999855,2.669570558091674,9
0,46,28,0,4,0,5,-1,-1,-1,2,3.2,5,0.8564453125,0.14355468741,1.2967614071769034,0
0,46,28,0,4,0,5,-1,-1,-1,3,3.2,5,0.7060546875,0.293945312395,1.7835704558911414,1
0,46,28,0,4,0,5,-1,-1,-1,5,3.2,5,0.765625,0.234374999905,1.5895883398159212,0
0,-1,-1,-1,4,-1,5,10,8,0,7,3.2,5,0.6953125,0.304687499885,1.8343582752174794,1
0,-1,-1,-1,4,-1,5,10,8,0,11,3.2,5,0.6875,0.312499999885,1.8488562002866034,2
0,46,28,0,4,0,5,-1,-1,-1,18,3.2,5,0.83984375,0.16015624992,1.3377187927671363,2
0,-1,-1,-1,4,-1,5,10,8,0,19,3.2,5,0.6708984375,0.329101562405,1.7618797525572825,2
0,46,28,0,4,0,5,-1,-1,-1,21,3.2,5,0.8720703125,0.127929687435,1.2014619434644773,0
0,46,28,0,4,-1,5,-1,-1,-1,26,3.2,5,0.841796875,0.158203124935,1.3215243260155685,1
0,46,28,0,4,0,5,-1,-1,-1,29,3.2,5,0.5390625,0.46093749988,2.1732874907347144,2
0,46,28,0,4,0,5,-1,-1,-1,31,3.2,5,0.8525390625,0.147460937415,1.310941338179116,0
0,46,28,0,4,0,5,-1,-1,-1,33,3.2,5,0.9140625,0.085937499945,1.0598351266022492,0
0,-1,-1,-1,4,-1,5,10,8,0,36,2.4,5,0.35546875,0.644531249855,2.6276962536959285,0
0,46,28,0,4,-1,5,-1,-1,-1,39,3.2,5,0.76171875,0.23828124989,1.614024433643538,2
0,46,28,0,4,-1,5,-1,-1,-1,40,3.2,5,0.8037109375,0.1962890624,1.4951378214984126,1
0,46,28,0,4,0,5,-1,-1,-1,42,4.8,5,0.6767578125,0.32324218738,1.8350072125756183,0
0,46,28,0,4,0,5,-1,-1,-1,10,3.4285714285714284,7,0.8916015625,0.10839843743,1.150683217389934,3
0,46,28,0,4,0,5,-1,-1,-1,14,3.4285714285714284,7,0.8681640625,0.131835937435,1.2055782332153075,2
0,46,28,0,4,0,5,-1,-1,-1,17,3.4285714285714284,7,0.9345703125,0.06542968744,1.0015273379669167,3
0,46,28,0,4,0,5,-1,-1,-1,25,3.4285714285714284,7,0.849609375,0.150390624915,1.293637938185146,3
0,-1,-1,-1,4,-1,5,10,8,0,22,2.5714285714285716,14,0.7421875,0.257812499895,1.6341836568840467,0
0,46,28,0,4,0,5,-1,-1,-1,12,4.0,16,0.90234375,0.097656249945,1.1026395814123144,2
0,-1,-1,-1,4,-1,5,10,8,0,32,2.75,16,1.0,0.005859375,0.6292887358529404,0
0,-1,-1,-1,4,-1,5,10,8,0,0,4.6,20,0.7998046875,0.20019531242,1.407307006228763,0
0,-1,-1,-1,4,-1,5,10,8,0,4,4.6,20,0.7919921875,0.2080078124,1.4649304216255603,0
0,-1,-1,-1,4,-1,5,10,8,0,15,4.6,20,0.640625,0.359374999885,1.9788086968970016,0
0,-1,-1,-1,4,-1,5,10,8,0,28,4.6,20,0.6904296875,0.309570312385,1.840879829574186,0
0,-1,-1,-1,4,-1,5,10,8,0,34,4.6,20,0.7421875,0.2578124999,1.6369704965498124,0
0,-1,-1,-1,4,-1,5,10,8,0,37,7.0,20,0.763671875,0.236328124905,1.6084013411004177,4
0,46,28,0,4,0,5,-1,-1,-1,8,4.148148148148148,27,0.904296875,0.095703124935,1.1102873865512601,2
0,46,28,0,4,0,5,-1,-1,-1,13,4.148148148148148,27,0.93359375,0.06640624995,0.9552879230547706,2
0,46,28,0,4,0,5,-1,-1,-1,16,4.148148148148148,27,0.9501953125,0.049804687449999996,0.9139734139606537,2
0,46,28,0,4,0,5,-1,-1,-1,23,4.148148148148148,27,0.93359375,0.06640624994,0.9799265246714044,2
0,46,28,0,4,0,5,-1,-1,-1,24,4.148148148148148,27,0.900390625,0.099609374935,1.1096856866271805,2
0,46,28,0,4,0,5,-1,-1,-1,27,4.148148148148148,27,0.8994140625,0.10058593743,1.1167166702164317,2
0,46,28,0,4,0,5,-1,-1,-1,35,4.148148148148148,27,0.8984375,0.101562499955,1.1147927590763624,2
0,46,28,0,4,0,5,-1,-1,-1,38,4.148148148148148,27,0.78125,0.218749999895,1.557507788136606,2
0,-1,-1,-1,4,-1,5,10,8,0,9,4.285714285714286,28,0.5341796875,0.465820312365,2.251192319383854,0
0,-1,-1,-1,4,-1,5,10,8,0,30,4.377358490566038,53,0.4931640625,0.50683593737,2.278299029105982,0
0,46,28,0,4,0,5,-1,-1,-1,6,4.430769230769231,65,0.82421875,0.17578124992,1.373462016927592,0
0,46,28,0,4,0,5,-1,-1,-1,20,4.430769230769231,65,0.1875,0.81249999986,2.4850892229715096,0
0,46,28,0,4,0,5,-1,-1,-1,41,4.47244094488189,127,0.81640625,0.18359374991,1.3961623998547565,0
0,-1,-1,-1,5,-1,10,0,20,1,22,2.5714285714285716,14,0.2490234375,0.75097656201,3.335189417547176,12
0,41,20,0,5,0,10,-1,-1,-1,12,4.0,16,0.57421875,0.42578124969,2.0738043889354625,16
0,-1,-1,-1,5,-1,10,0,20,1,32,2.75,16,1.0,0.0,-1.0000004999175666e-06,14
0,-1,-1,-1,5,-1,10,0,20,1,0,4.6,20,0.3203125,0.67968749947,3.053592116123303,10
0,-1,-1,-1,5,-1,10,0,20,1,4,4.6,20,0.462890625,0.537109374535,2.673665523611416,7
0,-1,-1,-1,5,-1,10,0,20,1,15,4.6,20,0.177734375,0.8222656241549999,3.9970734053380474,13
0,-1,-1,-1,5,-1,10,0,20,1,28,4.6,20,0.1513671875,0.8486328115899999,4.012352360387849,11
0,-1,-1,-1,5,-1,10,0,20,1,34,4.6,20,0.4189453125,0.581054686985,2.8887310670604958,9
0,-1,-1,-1,5,-1,10,0,20,1,37,7.0,20,0.3935546875,0.606445312115,2.6863189078732264,9
0,41,20,0,5,0,10,-1,-1,-1,8,4.148148148148148,27,0.6484375,0.351562499705,1.7815304701935721,17
0,41,20,0,5,0,10,-1,-1,-1,13,4.148148148148148,27,0.65234375,0.34765624972,1.781241861707011,15
0,41,20,0,5,0,10,-1,-1,-1,16,4.148148148148148,27,0.689453125,0.31054687476,1.5803455072882455,17
0,41,20,0,5,0,10,-1,-1,-1,23,4.148148148148148,27,0.6142578125,0.38574218713499997,1.9821457771371367,15
0,41,20,0,5,0,10,-1,-1,-1,24,4.148148148148148,27,0.5478515625,0.45214843709999997,2.2458099826723257,15
0,41,20,0,5,0,10,-1,-1,-1,27,4.148148148148148,27,0.57421875,0.42578124962499997,2.1486051511849307,16
0,41,20,0,5,0,10,-1,-1,-1,35,4.148148148148148,27,0.59765625,0.40234374964999997,2.024342765855649,15
0,41,20,0,5,0,10,-1,-1,-1,38,4.148148148148148,27,0.1123046875,0.8876953115949999,4.3569773217795245,17
0,-1,-1,-1,5,-1,10,0,20,1,9,4.285714285714286,28,0.048828125,0.9511718737299999,4.7139321667478296,14
0,-1,-1,-1,5,-1,10,0,20,1,30,4.377358490566038,53,0.0498046875,0.9501953114399999,4.665947841197739,15
0,41,20,0,5,0,10,-1,-1,-1,6,4.430769230769231,65,0.4658203125,0.53417968696,2.7086413037065795,17
0,41,20,0,5,0,10,-1,-1,-1,20,4.430769230769231,65,0.3076171875,0.692382812075,2.765041062271911,17
0,41,20,0,5,0,10,-1,-1,-1,41,4.47244094488189,127,0.587890625,0.41210937457999997,2.158281542066052,34
0,21,3,0,19,0,6,-1,-1,-1,10,3.4285714285714284,7,0.8134765625,0.18652343730499998,2.799317092386075,11
0,21,3,0,19,0,6,-1,-1,-1,14,3.4285714285714284,7,0.9189453125,0.15527343734,2.442034691542432,12
0,21,3,0,19,0,6,-1,-1,-1,17,3.4285714285714284,7,0.8505859375,0.16503906232999999,2.673600232665718,11
0,21,3,0,19,0,6,-1,-1,-1,25,3.4285714285714284,7,0.8515625,0.16015624981999999,2.6804336353900404,12
0,-1,-1,-1,19,-1,6,0,3,15,22,2.5714285714285716,14,0.642578125,0.362304687245,3.2554147012283807,18
0,21,3,0,19,0,6,-1,-1,-1,12,4.0,16,0.7890625,0.24121093732999999,2.818765347281237,14
0,-1,-1,-1,19,-1,6,0,3,15,32,2.75,16,1.0,0.046875,2.0760819253511795,18
0,-1,-1,-1,19,-1,6,0,3,15,0,4.6,20,0.9072265625,0.154296874875,2.423169783993892,14
0,-1,-1,-1,19,-1,6,0,3,15,4,4.6,20,0.802734375,0.23925781232499999,2.7855178997054253,13
0,-1,-1,-1,19,-1,6,0,3,15,15,4.6,20,0.775390625,0.24511718729499998,2.896625472841459,13
0,-1,-1,-1,19,-1,6,0,3,15,28,4.6,20,0.7265625,0.30175781226,3.015809256641166,13
0,-1,-1,-1,19,-1,6,0,3,15,34,4.6,20,0.7158203125,0.28417968731,3.0319300612789246,13
0,-1,-1,-1,19,-1,6,0,3,15,37,7.0,20,0.7939453125,0.23925781232499999,2.8037848614700858,15
0,21,3,0,19,0,6,-1,-1,-1,8,4.148148148148148,27,0.76171875,0.24023437478499998,2.972290312790814,16
0,21,3,0,19,0,6,-1,-1,-1,13,4.148148148148148,27,0.8935546875,0.12402343735499999,2.5260133228125268,12
0,21,3,0,19,0,6,-1,-1,-1,16,4.148148148148148,27,0.8984375,0.12499999985499999,2.507360313508979,16
0,21,3,0,19,0,6,-1,-1,-1,23,4.148148148148148,27,0.876953125,0.13867187486,2.5777457627989366,12
0,21,3,0,19,0,6,-1,-1,-1,24,4.148148148148148,27,0.7568359375,0.24316406230999998,2.9181747375463054,14
0,21,3,0,19,0,6,-1,-1,-1,27,4.148148148148148,27,0.73046875,0.27343749979,2.9872510852174425,11
0,21,3,0,19,0,6,-1,-1,-1,35,4.148148148148148,27,0.837890625,0.187499999845,2.6832882269030986,11
0,21,3,0,19,0,6,-1,-1,-1,38,4.148148148148148,27,0.7421875,0.486328124815,2.5534449117281657,16
0,-1,-1,-1,19,-1,6,0,3,15,9,4.285714285714286,28,0.5126953125,0.487304687245,3.402271577381473,13
0,-1,-1,-1,19,-1,6,0,3,15,30,4.377358490566038,53,0.3349609375,0.665039062225,3.7464533242163434,13
0,21,3,0,19,0,6,-1,-1,-1,6,4.430769230769231,65,0.642578125,0.35742187475,3.2184265533745853,18
0,21,3,0,19,0,6,-1,-1,-1,20,4.430769230769231,65,0.23046875,0.769531249745,3.644148385102519,18
0,21,3,0,19,0,6,-1,-1,-1,41,4.47244094488189,127,0.7041015625,0.29589843727,3.0766351359881643,19
0,46,8,0,20,0,5,-1,-1,-1,2,3.2,5,0.748046875,0.293945312395,2.908081738698005,9
0,46,8,0,20,0,5,-1,-1,-1,3,3.2,5,0.8095703125,0.243164062395,2.7356959926468165,7
0,46,8,0,20,0,5,-1,-1,-1,5,3.2,5,0.57421875,0.471679687395,3.2251954418531734,9
0,-1,-1,-1,20,-1,5,0,8,30,7,3.2,5,0.6728515625,0.354492187395,3.020730484017998,8
0,-1,-1,-1,20,-1,5,0,8,30,11,3.2,5,0.7109375,0.331054687395,3.0256335566960906,7
0,46,8,0,20,0,5,-1,-1,-1,18,3.2,5,0.845703125,0.207031249895,2.662391293333798,7
0,-1,-1,-1,20,-1,5,0,8,30,19,3.2,5,0.7431640625,0.297851562395,2.9071076637173925,8
0,46,8,0,20,0,5,-1,-1,-1,21,3.2,5,0.841796875,0.2089843749,2.7243308460833924,9
0,46,8,0,20,-1,5,-1,-1,-1,26,3.2,5,0.8974609375,0.161132812425,2.5369659818479215,6
0,46,8,0,20,0,5,-1,-1,-1,29,3.2,5,0.5830078125,0.473632812395,3.2128464913146657,10
0,46,8,0,20,0,5,-1,-1,-1,31,3.2,5,0.814453125,0.2246093749,2.7472477147089314,9
0,46,8,0,20,0,5,-1,-1,-1,33,3.2,5,0.9033203125,0.11914062491499999,2.5072398692553888,9
0,-1,-1,-1,20,-1,5,0,8,30,36,2.4,5,0.4833984375,0.600585937395,3.3878938071783704,5
0,46,8,0,20,-1,5,-1,-1,-1,39,3.2,5,0.80859375,0.233398437405,2.750541708808664,7
0,46,8,0,20,-1,5,-1,-1,-1,40,3.2,5,0.8447265625,0.203124999895,2.704985115748376,7
0,46,8,0,20,0,5,-1,-1,-1,42,4.8,5,0.7353515625,0.333007812395,2.918174922703466,5
0,46,8,0,20,0,5,-1,-1,-1,10,3.4285714285714284,7,0.759765625,0.264648437395,2.9037713518431754,7
0,46,8,0,20,0,5,-1,-1,-1,14,3.4285714285714284,7,0.814453125,0.2363281249,2.7688248605007737,7
0,46,8,0,20,0,5,-1,-1,-1,17,3.4285714285714284,7,0.89453125,0.13085937491,2.536929008812175,12
0,46,8,0,20,0,5,-1,-1,-1,25,3.4285714285714284,7,0.8759765625,0.15624999991,2.6207055398095047,8
0,-1,-1,-1,20,-1,5,0,8,30,22,2.5714285714285716,14,0.7626953125,0.277343749895,2.8444273752245945,9
0,46,8,0,20,0,5,-1,-1,-1,12,4.0,16,0.818359375,0.2070312499,2.7281460554483408,8
0,-1,-1,-1,20,-1,5,0,8,30,32,2.75,16,1.0,0.0302734375,2.133143163931679,8
0,-1,-1,-1,20,-1,5,0,8,30,0,4.6,20,0.474609375,0.571289062395,3.3588013674123025,9
0,-1,-1,-1,20,-1,5,0,8,30,4,4.6,20,0.8046875,0.251953124895,2.752076338180078,9
0,-1,-1,-1,20,-1,5,0,8,30,15,4.6,20,0.689453125,0.375976562395,3.0538119587737547,9
0,-1,-1,-1,20,-1,5,0,8,30,28,4.6,20,0.7421875,0.332031249895,2.9609388397169094,9
0,-1,-1,-1,20,-1,5,0,8,30,34,4.6,20,0.740234375,0.322265624895,2.9976856429591323,9
0,-1,-1,-1,20,-1,5,0,8,30,37,7.0,20,0.6015625,0.462890624895,3.205838247745646,18
0,46,8,0,20,0,5,-1,-1,-1,8,4.148148148148148,27,0.8154296875,0.229492187395,2.779496488021169,9
0,46,8,0,20,0,5,-1,-1,-1,13,4.148148148148148,27,0.8798828125,0.15722656241,2.5787920105833324,9
0,46,8,0,20,0,5,-1,-1,-1,16,4.148148148148148,27,0.8759765625,0.15234374991,2.589327180894944,9
0,46,8,0,20,0,5,-1,-1,-1,23,4.148148148148148,27,0.8662109375,0.179687499925,2.6065063047786583,8
0,46,8,0,20,0,5,-1,-1,-1,24,4.148148148148148,27,0.7294921875,0.331054687395,3.013248288870705,9
0,46,8,0,20,0,5,-1,-1,-1,27,4.148148148148148,27,0.6171875,0.416992187395,3.110466261791302,8
0,46,8,0,20,0,5,-1,-1,-1,35,4.148148148148148,27,0.845703125,0.196289062415,2.6565620909246763,9
0,46,8,0,20,0,5,-1,-1,-1,38,4.148148148148148,27,0.63671875,0.404296874895,2.7895212341914646,9
0,-1,-1,-1,20,-1,5,0,8,30,9,4.285714285714286,28,0.6455078125,0.444335937395,3.1696511068993383,9
0,-1,-1,-1,20,-1,5,0,8,30,30,4.377358490566038,53,0.4990234375,0.555664062395,3.3246437813161718,9
0,46,8,0,20,0,5,-1,-1,-1,6,4.430769230769231,65,0.833984375,0.176757812395,2.6914631003810046,9
0,46,8,0,20,0,5,-1,-1,-1,20,4.430769230769231,65,0.3583984375,0.652343749895,3.327937424164926,9
0,46,8,0,20,0,5,-1,-1,-1,41,4.47244094488189,127,0.7255859375,0.295898437395,2.9379107326931657,9
0,-1,-1,-1,24,-1,9,57,0,0,22,2.5714285714285716,14,0.8046875,0.37499999915999993,5.34894528128623,7
0,171,114,0,24,0,9,-1,-1,-1,12,4.0,16,0.86328125,0.30761718678499994,5.149706467978621,14
0,-1,-1,-1,24,-1,9,57,0,0,32,2.75,16,0.9052734375,0.26464843686499995,4.924116040450287,8
0,-1,-1,-1,24,-1,9,57,0,0,0,4.6,20,0.728515625,0.4843749990449999,5.604525437953013,29
0,-1,-1,-1,24,-1,9,57,0,0,4,4.6,20,0.779296875,0.3681640616249999,5.377796510889126,23
0,-1,-1,-1,24,-1,9,57,0,0,15,4.6,20,0.7421875,0.4433593740649999,5.567922778013877,8
0,-1,-1,-1,24,-1,9,57,0,0,28,4.6,20,0.7587890625,0.4101562490749999,5.525504196397972,8
0,-1,-1,-1,24,-1,9,57,0,0,34,4.6,20,0.814453125,0.34667968669499993,5.3550672767055945,27
0,-1,-1,-1,24,-1,9,57,0,0,37,7.0,20,0.755859375,0.4189453116149999,5.550514554737741,22
0,171,114,0,24,0,9,-1,-1,-1,8,4.148148148148148,27,0.83984375,0.34374999921499994,5.203751386165603,16
0,171,114,0,24,0,9,-1,-1,-1,13,4.148148148148148,27,0.869140625,0.31152343675999994,5.125190481881765,13
0,171,114,0,24,0,9,-1,-1,-1,16,4.148148148148148,27,0.83203125,0.32324218678999994,5.278025261102152,16
0,171,114,0,24,0,9,-1,-1,-1,23,4.148148148148148,27,0.82421875,0.32910156174499994,5.204501296355566,15
0,171,114,0,24,0,9,-1,-1,-1,24,4.148148148148148,27,0.841796875,0.31933593666499993,5.195237099931853,12
0,171,114,0,24,0,9,-1,-1,-1,27,4.148148148148148,27,0.814453125,0.35937499918999993,5.315175819505417,21
0,171,114,0,24,0,9,-1,-1,-1,35,4.148148148148148,27,0.8212890625,0.3525390616249999,5.275347188198239,23
0,171,114,0,24,0,9,-1,-1,-1,38,4.148148148148148,27,0.669921875,0.5156249989699999,5.69057109713736,13
0,-1,-1,-1,24,-1,9,57,0,0,9,4.285714285714286,28,0.7333984375,0.4404296865699999,5.342756426924009,0
0,-1,-1,-1,24,-1,9,57,0,0,30,4.377358490566038,53,0.65625,0.5058593738999999,5.711312952375793,0
0,171,114,0,24,0,9,-1,-1,-1,6,4.430769230769231,65,0.8525390625,0.31347656169999993,5.145240244622456,9
0,171,114,0,24,0,9,-1,-1,-1,20,4.430769230769231,65,0.5234375,0.6191406237699999,5.85698839888517,9
0,171,114,0,24,0,9,-1,-1,-1,41,4.47244094488189,127,0.7724609375,0.38281249914999993,5.393386640845512,27
0,65,32,0,14,0,15,-1,-1,-1,12,4.0,16,0.1103515625,0.8896484352199998,5.311342015006916,38
0,-1,-1,-1,14,-1,15,0,32,1,32,2.75,16,1.0,0.0,-1.0000004999175666e-06,14
0,-1,-1,-1,14,-1,15,0,32,1,0,4.6,20,0.044921875,0.9550781218549997,6.058744890038003,28
0,-1,-1,-1,14,-1,15,0,32,1,4,4.6,20,0.08984375,0.9101562476349998,5.409936304898576,23
0,-1,-1,-1,14,-1,15,0,32,1,15,4.6,20,0.01171875,0.9882812456599996,6.677030846840421,31
0,-1,-1,-1,14,-1,15,0,32,1,28,4.6,20,0.0166015625,0.9833984336549997,6.482423320536771,27
0,-1,-1,-1,14,-1,15,0,32,1,34,4.6,20,0.115234375,0.8847656225349998,5.421476806559497,27
0,-1,-1,-1,14,-1,15,0,32,1,37,7.0,20,0.0263671875,0.9736328085749997,6.4858907655443625,26
0,65,32,0,14,0,15,-1,-1,-1,8,4.148148148148148,27,0.0849609375,0.9150390596399998,5.801909605237319,34
0,65,32,0,14,0,15,-1,-1,-1,13,4.148148148148148,27,0.2646484375,0.7353515610549999,4.223710173793692,31
0,65,32,0,14,0,15,-1,-1,-1,16,4.148148148148148,27,0.09375,0.9062499978449998,5.236967076136472,31
0,65,32,0,14,0,15,-1,-1,-1,23,4.148148148148148,27,0.17578125,0.8242187480699998,4.911841584654845,39
0,65,32,0,14,0,15,-1,-1,-1,24,4.148148148148148,27,0.1884765625,0.8115234357149999,4.715086864253637,33
0,65,32,0,14,0,15,-1,-1,-1,27,4.148148148148148,27,0.1640625,0.8359374978949998,5.043568593371346,32
0,65,32,0,14,0,15,-1,-1,-1,35,4.148148148148148,27,0.150390625,0.8496093730149998,5.001119359329925,37
0,65,32,0,14,0,15,-1,-1,-1,38,4.148148148148148,27,0.001953125,0.9980468703499996,6.796530542576404,37
0,-1,-1,-1,14,-1,15,0,32,1,9,4.285714285714286,28,0.0009765625,0.9990234327649996,6.830577782279447,36
0,-1,-1,-1,14,-1,15,0,32,1,30,4.377358490566038,53,0.0029296875,0.9970703077599996,6.826457776156491,42
0,65,32,0,14,0,15,-1,-1,-1,6,4.430769230769231,65,0.1103515625,0.8896484350199998,5.454989579992272,33
0,65,32,0,14,0,15,-1,-1,-1,20,4.430769230769231,65,0.0,0.9999999951799996,6.851494883358169,34
0,65,32,0,14,0,15,-1,-1,-1,41,4.47244094488189,127,0.125,0.8749999976899998,5.337816940807939,37
0,26,4,2,12,0,4,-1,-1,-1,2,3.2,5,1.0,0.08203125,2.759443489194382,6
0,26,4,2,12,0,4,-1,-1,-1,3,3.2,5,1.0,0.091796875,2.763097825832743,3
0,26,4,2,12,0,4,-1,-1,-1,5,3.2,5,1.0,0.0693359375,2.7642851188298545,5
0,-1,-1,-1,12,-1,4,2,4,18,7,3.2,5,1.0,0.06640625,2.760385059786229,3
0,-1,-1,-1,12,-1,4,2,4,18,11,3.2,5,1.0,0.0888671875,2.760159864469449,4
0,26,4,2,12,0,4,-1,-1,-1,18,3.2,5,1.0,0.0693359375,2.7662476467449446,4
0,-1,-1,-1,12,-1,4,2,4,18,19,3.2,5,1.0,0.099609375,2.751798594510331,3
0,26,4,2,12,0,4,-1,-1,-1,21,3.2,5,1.0,0.0849609375,2.759258812471232,5
0,26,4,2,12,-1,4,-1,-1,-1,26,3.2,5,1.0,0.060546875,2.768279490675273,2
0,26,4,2,12,0,4,-1,-1,-1,29,3.2,5,1.0,0.0830078125,2.7592514133415844,3
0,26,4,2,12,0,4,-1,-1,-1,31,3.2,5,1.0,0.1142578125,2.758664520152437,6
0,26,4,2,12,0,4,-1,-1,-1,33,3.2,5,1.0,0.083984375,2.7652568355039815,6
0,-1,-1,-1,12,-1,4,2,4,18,36,2.4,5,1.0,0.0595703125,2.7657750435984463,4
0,26,4,2,12,-1,4,-1,-1,-1,39,3.2,5,1.0,0.0849609375,2.7592832184571545,2
0,26,4,2,12,-1,4,-1,-1,-1,40,3.2,5,1.0,0.0732421875,2.7642585441160445,3
0,26,4,2,12,0,4,-1,-1,-1,42,4.8,5,1.0,0.0908203125,2.760146033899873,6
0,26,4,2,12,0,4,-1,-1,-1,10,3.4285714285714284,7,1.0,0.083984375,2.7595562646885923,2
0,26,4,2,12,0,4,-1,-1,-1,14,3.4285714285714284,7,1.0,0.080078125,2.7609979829337123,3
0,26,4,2,12,0,4,-1,-1,-1,17,3.4285714285714284,7,1.0,0.0869140625,2.762627280258301,4
0,26,4,2,12,0,4,-1,-1,-1,25,3.4285714285714284,7,1.0,0.0751953125,2.7650050829181594,3
0,-1,-1,-1,12,-1,4,2,4,18,22,2.5714285714285716,14,1.0,0.1064453125,2.74606310470315,5
0,26,4,2,12,0,4,-1,-1,-1,12,4.0,16,1.0,0.09375,2.7595807425814654,5
0,-1,-1,-1,12,-1,4,2,4,18,32,2.75,16,1.0,0.0478515625,2.767220134461981,5
0,-1,-1,-1,12,-1,4,2,4,18,0,4.6,20,1.0,0.119140625,2.7378730513307845,5
0,-1,-1,-1,12,-1,4,2,4,18,4,4.6,20,1.0,0.060546875,2.7566898125572497,6
0,-1,-1,-1,12,-1,4,2,4,18,15,4.6,20,1.0,0.07421875,2.7625353521918976,6
0,-1,-1,-1,12,-1,4,2,4,18,28,4.6,20,1.0,0.0849609375,2.757945032850749,5
0,-1,-1,-1,12,-1,4,2,4,18,34,4.6,20,1.0,0.0712890625,2.760144870721292,5
0,-1,-1,-1,12,-1,4,2,4,18,37,7.0,20,1.0,0.1044921875,2.757893151343964,9
0,26,4,2,12,0,4,-1,-1,-1,8,4.148148148148148,27,1.0,0.0654296875,2.7617053152279807,5
0,26,4,2,12,0,4,-1,-1,-1,13,4.148148148148148,27,1.0,0.0703125,2.763106524642367,6
0,26,4,2,12,0,4,-1,-1,-1,16,4.148148148148148,27,1.0,0.0732421875,2.763012939936797,5
0,26,4,2,12,0,4,-1,-1,-1,23,4.148148148148148,27,1.0,0.0634765625,2.7626016374456954,5
0,26,4,2,12,0,4,-1,-1,-1,24,4.148148148148148,27,1.0,0.0859375,2.7652078699919698,5
0,26,4,2,12,0,4,-1,-1,-1,27,4.148148148148148,27,1.0,0.06640625,2.7629273439469815,6
0,26,4,2,12,0,4,-1,-1,-1,35,4.148148148148148,27,1.0,0.0703125,2.7567235237858783,5
0,26,4,2,12,0,4,-1,-1,-1,38,4.148148148148148,27,1.0,0.248046875,2.6044125513112144,5
0,-1,-1,-1,12,-1,4,2,4,18,9,4.285714285714286,28,1.0,0.087890625,2.74904479949581,5
0,-1,-1,-1,12,-1,4,2,4,18,30,4.377358490566038,53,1.0,0.10546875,2.7474424943669886,6
0,26,4,2,12,0,4,-1,-1,-1,6,4.430769230769231,65,1.0,0.1220703125,2.7464842865186876,5
0,26,4,2,12,0,4,-1,-1,-1,20,4.430769230769231,65,1.0,0.076171875,2.7626229663572195,5
0,26,4,2,12,0,4,-1,-1,-1,41,4.47244094488189,127,1.0,0.0771484375,2.7579339342650253,6
15,30,15,0,8,0,5,-1,-1,-1,2,3.2,5,0.87109375,0.255859374915,2.4570331205277767,5
15,30,15,0,8,0,5,-1,-1,-1,3,3.2,5,0.8544921875,0.211914062405,2.277749320432428,3
15,30,15,0,8,0,5,-1,-1,-1,5,3.2,5,0.6572265625,0.444335937385,2.8941119793271444,5
15,-1,-1,-1,8,-1,5,5,5,5,7,3.2,5,0.8046875,0.2822265624,2.4886638262788225,4
15,-1,-1,-1,8,-1,5,5,5,5,11,3.2,5,0.8544921875,0.260742187405,2.4395507901852844,4
15,30,15,0,8,0,5,-1,-1,-1,18,3.2,5,0.8017578125,0.29199218739,2.503548951700676,4
15,-1,-1,-1,8,-1,5,5,5,5,19,3.2,5,0.783203125,0.31738281241,2.5552588204445397,4
15,30,15,0,8,0,5,-1,-1,-1,21,3.2,5,0.6806640625,0.350585937385,2.5354629013121106,3
15,30,15,0,8,-1,5,-1,-1,-1,26,3.2,5,0.8857421875,0.181640624915,2.1731609452499114,3
15,30,15,0,8,0,5,-1,-1,-1,29,3.2,5,0.724609375,0.440429687405,2.844854605977049,3
15,30,15,0,8,0,5,-1,-1,-1,31,3.2,5,0.8369140625,0.263671874905,2.46094779761329,4
15,30,15,0,8,0,5,-1,-1,-1,33,3.2,5,0.9150390625,0.12792968741,1.9772222879385701,5
15,-1,-1,-1,8,-1,5,5,5,5,36,2.4,5,0.5576171875,0.62109374989,3.136605342293117,2
15,30,15,0,8,-1,5,-1,-1,-1,39,3.2,5,0.8330078125,0.252929687395,2.385256442333419,4
15,30,15,0,8,-1,5,-1,-1,-1,40,3.2,5,0.787109375,0.284179687395,2.4390104490520916,4
15,30,15,0,8,0,5,-1,-1,-1,42,4.8,5,0.693359375,0.466796874905,2.6393799693210824,3
15,30,15,0,8,0,5,-1,-1,-1,10,3.4285714285714284,7,0.8974609375,0.14355468741,2.069032680660088,5
15,30,15,0,8,0,5,-1,-1,-1,14,3.4285714285714284,7,0.830078125,0.252929687395,2.433708169463972,7
15,30,15,0,8,0,5,-1,-1,-1,17,3.4285714285714284,7,0.93359375,0.136718749915,1.9792867349890655,6
15,30,15,0,8,0,5,-1,-1,-1,25,3.4285714285714284,7,0.873046875,0.2119140624,2.2909754087342584,4
15,-1,-1,-1,8,-1,5,5,5,5,22,2.5714285714285716,14,0.7119140625,0.398437499885,2.7376305193997963,5
15,30,15,0,8,0,5,-1,-1,-1,12,4.0,16,0.8681640625,0.179687499905,2.13867634118972,4
15,-1,-1,-1,8,-1,5,5,5,5,32,2.75,16,0.9951171875,0.025390624964999997,1.4438416695472336,4
15,-1,-1,-1,8,-1,5,5,5,5,0,4.6,20,0.7919921875,0.310546874905,2.5425921619333214,4
15,-1,-1,-1,8,-1,5,5,5,5,4,4.6,20,0.8251953125,0.2597656249,2.3941279447740964,4
15,-1,-1,-1,8,-1,5,5,5,5,15,4.6,20,0.6611328125,0.5175781249,3.0436636577862624,4
15,-1,-1,-1,8,-1,5,5,5,5,28,4.6,20,0.78125,0.36425781241,2.7200251090161887,5
15,-1,-1,-1,8,-1,5,5,5,5,34,4.6,20,0.751953125,0.343749999895,2.6591861954270026,3
15,-1,-1,-1,8,-1,5,5,5,5,37,7.0,20,0.751953125,0.376953124905,2.6565072910433347,6
15,30,15,0,8,0,5,-1,-1,-1,8,4.148148148148148,27,0.92578125,0.167968749915,2.1425342717678615,4
15,30,15,0,8,0,5,-1,-1,-1,13,4.148148148148148,27,0.9033203125,0.15429687492,2.1042519240314648,5
15,30,15,0,8,0,5,-1,-1,-1,16,4.148148148148148,27,0.9443359375,0.10058593743,1.9272277406878446,3
15,30,15,0,8,0,5,-1,-1,-1,23,4.148148148148148,27,0.9033203125,0.1416015624,2.0642480564991126,3
15,30,15,0,8,0,5,-1,-1,-1,24,4.148148148148148,27,0.9189453125,0.138671874935,2.0165234852371787,3
15,30,15,0,8,0,5,-1,-1,-1,27,4.148148148148148,27,0.8984375,0.171874999915,2.1916138984977596,3
15,30,15,0,8,0,5,-1,-1,-1,35,4.148148148148148,27,0.91796875,0.15527343741,2.1172098175959637,3
15,30,15,0,8,0,5,-1,-1,-1,38,4.148148148148148,27,0.5712890625,0.596679687385,3.137348135153289,3
15,-1,-1,-1,8,-1,5,5,5,5,9,4.285714285714286,28,0.6884765625,0.52636718742,3.0259633542573905,5
15,-1,-1,-1,8,-1,5,5,5,5,30,4.377358490566038,53,0.728515625,0.616210937415,3.0986253720831383,3
15,30,15,0,8,0,5,-1,-1,-1,6,4.430769230769231,65,0.853515625,0.2148437499,2.2682531371233714,5
15,30,15,0,8,0,5,-1,-1,-1,20,4.430769230769231,65,0.88671875,0.18749999993,2.195523846931932,4
15,30,15,0,8,0,5,-1,-1,-1,41,4.47244094488189,127,0.8984375,0.16113281241,2.1279309169875056,4
