id,rz,sx,x,cx,reset,measure,u1,u2,u3,Machine,AvgDegree,NumQubit,PST,TVD,Entropy,Swaps
0,26,4,2,20,0,4,-1,-1,-1,2,3.2,5,0.4775390625,0.522460937425,2.0338247412111934,8
0,26,4,2,20,0,4,-1,-1,-1,3,3.2,5,0.333984375,0.666015624925,2.3560383124254627,16
0,26,4,2,20,0,4,-1,-1,-1,5,3.2,5,0.1923828125,0.807617187425,2.6279254021362735,8
0,-1,-1,-1,20,-1,4,18,4,2,7,3.2,5,0.4677734375,0.532226562425,2.03760558808692,15
0,-1,-1,-1,20,-1,4,18,4,2,11,3.2,5,0.33984375,0.660156249925,2.334189458181487,17
0,26,4,2,20,0,4,-1,-1,-1,18,3.2,5,0.51953125,0.480468749925,1.8962600935169696,13
0,-1,-1,-1,20,-1,4,18,4,2,19,3.2,5,0.375,0.624999999925,2.2488932031335906,17
0,26,4,2,20,0,4,-1,-1,-1,21,3.2,5,0.6533203125,0.346679687425,1.3864305571719968,10
0,26,4,2,20,-1,4,-1,-1,-1,26,3.2,5,0.5595703125,0.440429687425,1.6712608218890272,15
0,26,4,2,20,0,4,-1,-1,-1,29,3.2,5,0.1943359375,0.805664062425,2.609802481256993,15
0,26,4,2,20,0,4,-1,-1,-1,31,3.2,5,0.4970703125,0.502929687425,1.9591515520406895,8
0,26,4,2,20,0,4,-1,-1,-1,33,3.2,5,0.7451171875,0.254882812425,1.1865507268892355,8
0,-1,-1,-1,20,-1,4,18,4,2,36,2.4,5,0.1015625,0.898437499925,2.694808217731618,8
0,26,4,2,20,-1,4,-1,-1,-1,39,3.2,5,0.4697265625,0.530273437425,1.9064025421726718,16
0,26,4,2,20,-1,4,-1,-1,-1,40,3.2,5,0.443359375,0.556640624925,2.0892842008562758,17
0,26,4,2,20,0,4,-1,-1,-1,42,4.8,5,0.3857421875,0.614257812425,2.1852594078362753,8
0,26,4,2,20,0,4,-1,-1,-1,10,3.4285714285714284,7,0.44140625,0.558593749925,2.0824900735578966,14
0,26,4,2,20,0,4,-1,-1,-1,14,3.4285714285714284,7,0.515625,0.484374999925,1.6907562933280633,16
0,26,4,2,20,0,4,-1,-1,-1,17,3.4285714285714284,7,0.7431640625,0.256835937425,1.2199980238449863,17
0,26,4,2,20,0,4,-1,-1,-1,25,3.4285714285714284,7,0.544921875,0.455078124925,1.8209254919089028,15
0,-1,-1,-1,20,-1,4,18,4,2,22,2.5714285714285716,14,0.359375,0.640624999925,2.2769637345414426,8
0,26,4,2,20,0,4,-1,-1,-1,12,4.0,16,0.5,0.499999999925,1.9816931841371823,8
0,-1,-1,-1,20,-1,4,18,4,2,32,2.75,16,1.0,0.0,-1.0000004999175666e-06,10
0,-1,-1,-1,20,-1,4,18,4,2,0,4.6,20,0.3974609375,0.602539062425,2.039432391170484,10
0,-1,-1,-1,20,-1,4,18,4,2,4,4.6,20,0.53515625,0.464843749925,1.8633826830992244,8
0,-1,-1,-1,20,-1,4,18,4,2,15,4.6,20,0.39453125,0.605468749925,2.027959750370803,10
0,-1,-1,-1,20,-1,4,18,4,2,28,4.6,20,0.458984375,0.541015624925,2.009070032850624,8
0,-1,-1,-1,20,-1,4,18,4,2,34,4.6,20,0.365234375,0.634765624925,2.3199977009050627,8
0,-1,-1,-1,20,-1,4,18,4,2,37,7.0,20,0.5048828125,0.495117187425,1.9558276138305262,16
0,26,4,2,20,0,4,-1,-1,-1,8,4.148148148148148,27,0.693359375,0.306640624925,1.393759847914682,8
0,26,4,2,20,0,4,-1,-1,-1,13,4.148148148148148,27,0.6845703125,0.315429687425,1.3242008550940365,8
0,26,4,2,20,0,4,-1,-1,-1,16,4.148148148148148,27,0.7919921875,0.208007812425,0.9448084669283981,10
0,26,4,2,20,0,4,-1,-1,-1,23,4.148148148148148,27,0.73046875,0.269531249925,1.2365158455185767,8
0,26,4,2,20,0,4,-1,-1,-1,24,4.148148148148148,27,0.6611328125,0.338867187425,1.4735815700930428,10
0,26,4,2,20,0,4,-1,-1,-1,27,4.148148148148148,27,0.57421875,0.425781249925,1.737659407941216,8
0,26,4,2,20,0,4,-1,-1,-1,35,4.148148148148148,27,0.6083984375,0.391601562425,1.6489538896353806,8
0,26,4,2,20,0,4,-1,-1,-1,38,4.148148148148148,27,0.0517578125,0.948242187425,2.5935816033905468,8
0,-1,-1,-1,20,-1,4,18,4,2,9,4.285714285714286,28,0.3056640625,0.694335937425,2.407106598717173,8
0,-1,-1,-1,20,-1,4,18,4,2,30,4.377358490566038,53,0.1650390625,0.834960937425,2.6533238415825764,8
0,26,4,2,20,0,4,-1,-1,-1,6,4.430769230769231,65,0.5966796875,0.403320312425,1.672542085689384,8
0,26,4,2,20,0,4,-1,-1,-1,20,4.430769230769231,65,0.5830078125,0.416992187425,1.7582670423205216,8
0,26,4,2,20,0,4,-1,-1,-1,41,4.47244094488189,127,0.7177734375,0.282226562425,1.1535556807620402,8
0,13,2,2,10,0,4,-1,-1,-1,2,3.2,5,0.724609375,0.27539062493,1.2127886884057795,4
0,13,2,2,10,0,4,-1,-1,-1,3,3.2,5,0.6162109375,0.383789062425,1.5119040452874888,8
0,13,2,2,10,0,4,-1,-1,-1,5,3.2,5,0.3837890625,0.616210937425,1.9839869230827398,4
0,-1,-1,-1,10,-1,4,9,2,2,7,3.2,5,0.609375,0.390624999925,1.4978189764613956,8
0,-1,-1,-1,10,-1,4,9,2,2,11,3.2,5,0.5947265625,0.405273437425,1.5690245427797755,9
0,13,2,2,10,0,4,-1,-1,-1,18,3.2,5,0.697265625,0.30273437493,1.2174013403661217,8
0,-1,-1,-1,10,-1,4,9,2,2,19,3.2,5,0.6611328125,0.33886718743,1.2857925046051302,10
0,13,2,2,10,0,4,-1,-1,-1,21,3.2,5,0.8037109375,0.196289062435,0.8491700441468253,4
0,13,2,2,10,-1,4,-1,-1,-1,26,3.2,5,0.734375,0.26562499993,1.1116435306344807,7
0,13,2,2,10,0,4,-1,-1,-1,29,3.2,5,0.392578125,0.607421874925,2.008693085245908,8
0,13,2,2,10,0,4,-1,-1,-1,31,3.2,5,0.779296875,0.220703124935,1.001354158141909,4
0,13,2,2,10,0,4,-1,-1,-1,33,3.2,5,0.8525390625,0.147460937435,0.6948648345417238,4
0,-1,-1,-1,10,-1,4,9,2,2,36,2.4,5,0.244140625,0.755859374925,2.364089124668832,4
0,13,2,2,10,-1,4,-1,-1,-1,39,3.2,5,0.6572265625,0.342773437425,1.2723757339641961,9
0,13,2,2,10,-1,4,-1,-1,-1,40,3.2,5,0.6044921875,0.395507812425,1.564368858803021,8
0,13,2,2,10,0,4,-1,-1,-1,42,4.8,5,0.2333984375,0.76660156243,1.7130338422565068,5
0,13,2,2,10,0,4,-1,-1,-1,10,3.4285714285714284,7,0.6552734375,0.344726562425,1.4603648033642496,8
0,13,2,2,10,0,4,-1,-1,-1,14,3.4285714285714284,7,0.6884765625,0.311523437435,1.128397361205561,7
0,13,2,2,10,0,4,-1,-1,-1,17,3.4285714285714284,7,0.857421875,0.142578124935,0.7182111026383604,8
0,13,2,2,10,0,4,-1,-1,-1,25,3.4285714285714284,7,0.7119140625,0.288085937425,1.2962730484901746,7
0,-1,-1,-1,10,-1,4,9,2,2,22,2.5714285714285716,14,0.615234375,0.384765624925,1.4670400945390902,4
0,13,2,2,10,0,4,-1,-1,-1,12,4.0,16,0.6953125,0.304687499925,1.2765589751056567,4
0,-1,-1,-1,10,-1,4,9,2,2,32,2.75,16,1.0,0.0,-1.0000004999175666e-06,4
0,-1,-1,-1,10,-1,4,9,2,2,0,4.6,20,0.5595703125,0.440429687425,1.4279213910106057,4
0,-1,-1,-1,10,-1,4,9,2,2,4,4.6,20,0.6796875,0.32031249993,1.250651185001737,4
0,-1,-1,-1,10,-1,4,9,2,2,15,4.6,20,0.5078125,0.49218749993,1.688565248271422,4
0,-1,-1,-1,10,-1,4,9,2,2,28,4.6,20,0.69140625,0.30859374993,1.201752556827145,4
0,-1,-1,-1,10,-1,4,9,2,2,34,4.6,20,0.5361328125,0.463867187425,1.7671530549746812,4
0,-1,-1,-1,10,-1,4,9,2,2,37,7.0,20,0.69140625,0.308593749925,1.295058602847884,8
0,13,2,2,10,0,4,-1,-1,-1,8,4.148148148148148,27,0.8486328125,0.151367187445,0.7530847802735025,4
0,13,2,2,10,0,4,-1,-1,-1,13,4.148148148148148,27,0.8115234375,0.188476562435,0.883117145226034,4
0,13,2,2,10,0,4,-1,-1,-1,16,4.148148148148148,27,0.9072265625,0.092773437445,0.47882990103705303,4
0,13,2,2,10,0,4,-1,-1,-1,23,4.148148148148148,27,0.8564453125,0.14355468743,0.712534073965378,4
0,13,2,2,10,0,4,-1,-1,-1,24,4.148148148148148,27,0.7890625,0.210937499935,0.9205442955587464,4
0,13,2,2,10,0,4,-1,-1,-1,27,4.148148148148148,27,0.748046875,0.251953124925,1.102499455872034,4
0,13,2,2,10,0,4,-1,-1,-1,35,4.148148148148148,27,0.7958984375,0.204101562425,0.9669601859165593,4
0,13,2,2,10,0,4,-1,-1,-1,38,4.148148148148148,27,0.2392578125,0.760742187425,2.3177077105567383,4
0,-1,-1,-1,10,-1,4,9,2,2,9,4.285714285714286,28,0.4482421875,0.551757812425,1.8474717397356648,4
0,-1,-1,-1,10,-1,4,9,2,2,30,4.377358490566038,53,0.3251953125,0.674804687425,2.2278870440489573,4
0,13,2,2,10,0,4,-1,-1,-1,6,4.430769230769231,65,0.7607421875,0.239257812435,1.0576781811989677,4
0,13,2,2,10,0,4,-1,-1,-1,20,4.430769230769231,65,0.787109375,0.21289062493,0.9907468631741879,4
0,13,2,2,10,0,4,-1,-1,-1,41,4.47244094488189,127,0.8505859375,0.14941406244,0.6743233918105546,4
0,-1,-1,-1,18,-1,10,0,36,30,22,2.5714285714285716,14,0.37890625,0.6210937492849999,3.1644087866326003,4
0,162,96,0,18,0,10,-1,-1,-1,12,4.0,16,0.619140625,0.380859374685,1.916661512915478,30
0,-1,-1,-1,18,-1,10,0,36,30,32,2.75,16,1.0,0.0,-1.0000004999175666e-06,0
0,-1,-1,-1,18,-1,10,0,36,30,0,4.6,20,0.4033203125,0.59667968693,2.8816910047778324,15
0,-1,-1,-1,18,-1,10,0,36,30,4,4.6,20,0.494140625,0.50585937454,2.4895969065360393,12
0,-1,-1,-1,18,-1,10,0,36,30,15,4.6,20,0.298828125,0.7011718742299999,3.4780559419144708,16
0,-1,-1,-1,18,-1,10,0,36,30,28,4.6,20,0.3408203125,0.6757812493149999,3.1982792570374436,17
0,-1,-1,-1,18,-1,10,0,36,30,34,4.6,20,0.4443359375,0.555664061935,2.783994621671222,11
0,-1,-1,-1,18,-1,10,0,36,30,37,7.0,20,0.3369140625,0.6630859367449999,3.382747533570026,18
0,162,96,0,18,0,10,-1,-1,-1,8,4.148148148148148,27,0.7548828125,0.24511718727999998,1.3252704387177467,28
0,162,96,0,18,0,10,-1,-1,-1,13,4.148148148148148,27,0.7109375,0.289062499745,1.5279305052844867,27
0,162,96,0,18,0,10,-1,-1,-1,16,4.148148148148148,27,0.8076171875,0.20117187480999998,1.1343975387413603,34
0,162,96,0,18,0,10,-1,-1,-1,23,4.148148148148148,27,0.689453125,0.310546874755,1.5562701749738126,30
0,162,96,0,18,0,10,-1,-1,-1,24,4.148148148148148,27,0.6064453125,0.393554687165,1.9382990701350273,24
0,162,96,0,18,0,10,-1,-1,-1,27,4.148148148148148,27,0.5380859375,0.46191406206999996,2.3150181915417445,34
0,162,96,0,18,0,10,-1,-1,-1,35,4.148148148148148,27,0.6630859375,0.33691406221,1.6994714576795042,28
0,162,96,0,18,0,10,-1,-1,-1,38,4.148148148148148,27,0.2138671875,0.7861328114249999,4.1798849590496605,27
0,-1,-1,-1,18,-1,10,0,36,30,9,4.285714285714286,28,0.3564453125,0.6435546868249999,3.18436565093292,25
0,-1,-1,-1,18,-1,10,0,36,30,30,4.377358490566038,53,0.1318359375,0.8681640613199999,4.481714969490707,27
0,162,96,0,18,0,10,-1,-1,-1,6,4.430769230769231,65,0.5712890625,0.43066406208499997,2.2191413738899275,0
0,162,96,0,18,0,10,-1,-1,-1,20,4.430769230769231,65,0.1435546875,0.856445311915,3.272884423273278,0
0,162,96,0,18,0,10,-1,-1,-1,41,4.47244094488189,127,0.6435546875,0.35644531209999997,1.9473118368471185,18
0,48,9,0,20,0,5,-1,-1,-1,2,3.2,5,0.6064453125,0.393554687365,2.422627079082028,9
0,48,9,0,20,0,5,-1,-1,-1,3,3.2,5,0.6767578125,0.323242187355,2.2592698730849956,6
0,48,9,0,20,0,5,-1,-1,-1,5,3.2,5,0.408203125,0.591796874855,2.9870505878003777,9
0,-1,-1,-1,20,-1,5,30,9,0,7,3.2,5,0.578125,0.421874999855,2.5316876687818155,10
0,-1,-1,-1,20,-1,5,30,9,0,11,3.2,5,0.5185546875,0.481445312355,2.7029333902619013,7
0,48,9,0,20,0,5,-1,-1,-1,18,3.2,5,0.701171875,0.298828124855,2.1690401854677335,8
0,-1,-1,-1,20,-1,5,30,9,0,19,3.2,5,0.5986328125,0.40136718736,2.475189713958509,6
0,48,9,0,20,0,5,-1,-1,-1,21,3.2,5,0.759765625,0.24023437488,2.0016348041216823,9
0,48,9,0,20,-1,5,-1,-1,-1,26,3.2,5,0.802734375,0.19726562489,1.801051585538299,9
0,48,9,0,20,0,5,-1,-1,-1,29,3.2,5,0.345703125,0.654296874855,3.0204486057771236,8
0,48,9,0,20,0,5,-1,-1,-1,31,3.2,5,0.736328125,0.263671874865,2.0970331933852457,9
0,48,9,0,20,0,5,-1,-1,-1,33,3.2,5,0.8408203125,0.15917968738,1.7384462833360304,9
0,-1,-1,-1,20,-1,5,30,9,0,36,2.4,5,0.236328125,0.763671874855,3.3085738735956403,8
0,48,9,0,20,-1,5,-1,-1,-1,39,3.2,5,0.7177734375,0.28222656237,2.136364166554101,8
0,48,9,0,20,-1,5,-1,-1,-1,40,3.2,5,0.73828125,0.26171874987,2.0545770926213556,7
0,48,9,0,20,0,5,-1,-1,-1,42,4.8,5,0.4609375,0.539062499865,2.5089710476686697,6
0,48,9,0,20,0,5,-1,-1,-1,10,3.4285714285714284,7,0.6494140625,0.350585937355,2.361728896339112,8
0,48,9,0,20,0,5,-1,-1,-1,14,3.4285714285714284,7,0.6474609375,0.352539062375,2.333169582505303,8
0,48,9,0,20,0,5,-1,-1,-1,17,3.4285714285714284,7,0.81640625,0.183593749875,1.8482952826653247,10
0,48,9,0,20,0,5,-1,-1,-1,25,3.4285714285714284,7,0.7568359375,0.24316406237,2.0353226437723264,7
0,-1,-1,-1,20,-1,5,30,9,0,22,2.5714285714285716,14,0.54296875,0.45703124986,2.5826071984243706,9
0,48,9,0,20,0,5,-1,-1,-1,12,4.0,16,0.720703125,0.27929687486,2.1636124404111983,8
0,-1,-1,-1,20,-1,5,30,9,0,32,2.75,16,1.0,0.0087890625,1.0618872842051654,10
0,-1,-1,-1,20,-1,5,30,9,0,0,4.6,20,0.2431640625,0.756835937355,3.269425362227736,9
0,-1,-1,-1,20,-1,5,30,9,0,4,4.6,20,0.666015625,0.33398437488,2.2295146284886167,9
0,-1,-1,-1,20,-1,5,30,9,0,15,4.6,20,0.517578125,0.482421874855,2.6530824374612907,9
0,-1,-1,-1,20,-1,5,30,9,0,28,4.6,20,0.53125,0.468749999865,2.6239232066830653,9
0,-1,-1,-1,20,-1,5,30,9,0,34,4.6,20,0.541015625,0.458984374855,2.6541182982655944,9
0,-1,-1,-1,20,-1,5,30,9,0,37,7.0,20,0.4375,0.562499999855,2.836800668254392,14
0,48,9,0,20,0,5,-1,-1,-1,8,4.148148148148148,27,0.6650390625,0.334960937365,2.3046063839679807,9
0,48,9,0,20,0,5,-1,-1,-1,13,4.148148148148148,27,0.7666015625,0.233398437375,1.996283875283628,9
0,48,9,0,20,0,5,-1,-1,-1,16,4.148148148148148,27,0.7783203125,0.22167968739,1.9479777309586066,9
0,48,9,0,20,0,5,-1,-1,-1,23,4.148148148148148,27,0.767578125,0.232421874875,1.9256140751517077,9
0,48,9,0,20,0,5,-1,-1,-1,24,4.148148148148148,27,0.517578125,0.482421874855,2.6889546482703968,9
0,48,9,0,20,0,5,-1,-1,-1,27,4.148148148148148,27,0.388671875,0.611328124855,2.994971176169036,9
0,48,9,0,20,0,5,-1,-1,-1,35,4.148148148148148,27,0.767578125,0.232421874875,1.9378683633848666,9
0,48,9,0,20,0,5,-1,-1,-1,38,4.148148148148148,27,0.421875,0.57812499986,2.739969341915225,9
0,-1,-1,-1,20,-1,5,30,9,0,9,4.285714285714286,28,0.3466796875,0.653320312355,2.9941302616369048,9
0,-1,-1,-1,20,-1,5,30,9,0,30,4.377358490566038,53,0.1953125,0.804687499855,3.3132658107047703,9
0,48,9,0,20,0,5,-1,-1,-1,6,4.430769230769231,65,0.759765625,0.24023437489,1.9598860310230093,9
0,48,9,0,20,0,5,-1,-1,-1,20,4.430769230769231,65,0.1533203125,0.846679687355,3.328433635191895,9
0,48,9,0,20,0,5,-1,-1,-1,41,4.47244094488189,127,0.5302734375,0.46972656236,2.6416627069740857,9
0,46,28,0,4,0,5,-1,-1,-1,2,3.2,5,0.859375,0.140624999915,1.2574057761616846,0
0,46,28,0,4,0,5,-1,-1,-1,3,3.2,5,0.796875,0.20312499992,1.4542747674866343,2
0,46,28,0,4,0,5,-1,-1,-1,5,3.2,5,0.767578125,0.23242187492,1.5852051796223507,0
0,-1,-1,-1,4,-1,5,0,8,10,7,3.2,5,0.6591796875,0.34082031241,1.9427812836978444,2
0,-1,-1,-1,4,-1,5,0,8,10,11,3.2,5,0.6591796875,0.340820312365,1.9809394250156414,2
0,46,28,0,4,0,5,-1,-1,-1,18,3.2,5,0.8369140625,0.16308593741,1.3739817396652771,2
0,-1,-1,-1,4,-1,5,0,8,10,19,3.2,5,0.6689453125,0.3310546874,1.7940676346892745,1
0,46,28,0,4,0,5,-1,-1,-1,21,3.2,5,0.87109375,0.128906249935,1.1966891013012508,0
0,46,28,0,4,-1,5,-1,-1,-1,26,3.2,5,0.8525390625,0.14746093743,1.2885866461546602,1
0,46,28,0,4,0,5,-1,-1,-1,29,3.2,5,0.4794921875,0.52050781239,2.369941423810138,2
0,46,28,0,4,0,5,-1,-1,-1,31,3.2,5,0.8525390625,0.1474609374,1.3115997391153553,0
0,46,28,0,4,0,5,-1,-1,-1,33,3.2,5,0.9375,0.062499999934999995,0.9629514086601154,0
0,-1,-1,-1,4,-1,5,0,8,10,36,2.4,5,0.3330078125,0.666992187355,2.704703692352562,0
0,46,28,0,4,-1,5,-1,-1,-1,39,3.2,5,0.7841796875,0.215820312385,1.588046447988427,2
0,46,28,0,4,-1,5,-1,-1,-1,40,3.2,5,0.76953125,0.23046874988,1.6420349667822094,2
0,46,28,0,4,0,5,-1,-1,-1,42,4.8,5,0.6533203125,0.3466796874,1.9114035888943388,0
0,46,28,0,4,0,5,-1,-1,-1,10,3.4285714285714284,7,0.9072265625,0.09277343743,1.0825722460410567,2
0,46,28,0,4,0,5,-1,-1,-1,14,3.4285714285714284,7,0.865234375,0.134765624905,1.274436260258599,2
0,46,28,0,4,0,5,-1,-1,-1,17,3.4285714285714284,7,0.94921875,0.051757812439999995,0.9099583847049919,3
0,46,28,0,4,0,5,-1,-1,-1,25,3.4285714285714284,7,0.853515625,0.146484374925,1.274892494069379,3
0,-1,-1,-1,4,-1,5,0,8,10,22,2.5714285714285716,14,0.759765625,0.240234374885,1.6201067296059275,0
0,46,28,0,4,0,5,-1,-1,-1,12,4.0,16,0.9111328125,0.08886718743,1.0855627167830018,2
0,-1,-1,-1,4,-1,5,0,8,10,32,2.75,16,1.0,0.005859375,0.6349225429933482,0
0,-1,-1,-1,4,-1,5,0,8,10,0,4.6,20,0.7958984375,0.204101562435,1.383226050125611,0
0,-1,-1,-1,4,-1,5,0,8,10,4,4.6,20,0.794921875,0.205078124915,1.4529861224131788,0
0,-1,-1,-1,4,-1,5,0,8,10,15,4.6,20,0.64453125,0.355468749885,1.9481255327545108,0
0,-1,-1,-1,4,-1,5,0,8,10,28,4.6,20,0.71875,0.281249999895,1.7540156210658637,0
0,-1,-1,-1,4,-1,5,0,8,10,34,4.6,20,0.765625,0.234374999905,1.5725482315757764,0
0,-1,-1,-1,4,-1,5,0,8,10,37,7.0,20,0.724609375,0.275390624875,1.7669113940887693,5
0,46,28,0,4,0,5,-1,-1,-1,8,4.148148148148148,27,0.91015625,0.08984374992,1.0919393214440696,2
0,46,28,0,4,0,5,-1,-1,-1,13,4.148148148148148,27,0.9365234375,0.094726562435,1.0035264635011518,2
0,46,28,0,4,0,5,-1,-1,-1,16,4.148148148148148,27,0.9423828125,0.057617187454999996,0.9313192093101009,2
0,46,28,0,4,0,5,-1,-1,-1,23,4.148148148148148,27,0.9072265625,0.09277343744,1.0916114726303845,2
0,46,28,0,4,0,5,-1,-1,-1,24,4.148148148148148,27,0.849609375,0.15039062491,1.333439956508267,2
0,46,28,0,4,0,5,-1,-1,-1,27,4.148148148148148,27,0.888671875,0.111328124945,1.1346654045168902,2
0,46,28,0,4,0,5,-1,-1,-1,35,4.148148148148148,27,0.8896484375,0.110351562425,1.1665035461165176,2
0,46,28,0,4,0,5,-1,-1,-1,38,4.148148148148148,27,0.7861328125,0.213867187405,1.527417665300011,2
0,-1,-1,-1,4,-1,5,0,8,10,9,4.285714285714286,28,0.5390625,0.46093749987,2.216162312553683,0
0,-1,-1,-1,4,-1,5,0,8,10,30,4.377358490566038,53,0.486328125,0.51367187486,2.248488461277219,0
0,46,28,0,4,0,5,-1,-1,-1,6,4.430769230769231,65,0.8310546875,0.168945312425,1.3601533867639162,0
0,46,28,0,4,0,5,-1,-1,-1,20,4.430769230769231,65,0.1748046875,0.825195312375,2.4116423289912503,0
0,46,28,0,4,0,5,-1,-1,-1,41,4.47244094488189,127,0.794921875,0.20507812491,1.486313755577862,0
0,-1,-1,-1,5,-1,10,1,20,0,22,2.5714285714285716,14,0.322265625,0.67773437457,3.101545226906661,10
0,41,20,0,5,0,10,-1,-1,-1,12,4.0,16,0.564453125,0.43554687463999997,2.1354376495607355,14
0,-1,-1,-1,5,-1,10,1,20,0,32,2.75,16,1.0,0.0,-1.0000004999175666e-06,15
0,-1,-1,-1,5,-1,10,1,20,0,0,4.6,20,0.3095703125,0.690429687,3.0659921048591405,8
0,-1,-1,-1,5,-1,10,1,20,0,4,4.6,20,0.451171875,0.5488281245,2.737958009941578,7
0,-1,-1,-1,5,-1,10,1,20,0,15,4.6,20,0.2822265625,0.7177734367949999,3.497943950790545,14
0,-1,-1,-1,5,-1,10,1,20,0,28,4.6,20,0.158203125,0.8417968742599999,3.7493893330336205,12
0,-1,-1,-1,5,-1,10,1,20,0,34,4.6,20,0.4306640625,0.569335937005,2.781256992887491,10
0,-1,-1,-1,5,-1,10,1,20,0,37,7.0,20,0.396484375,0.60351562462,2.6776953402760983,8
0,41,20,0,5,0,10,-1,-1,-1,8,4.148148148148148,27,0.6357421875,0.36425781221,1.8294626841644885,17
0,41,20,0,5,0,10,-1,-1,-1,13,4.148148148148148,27,0.66015625,0.33984374972,1.7666061916425944,17
0,41,20,0,5,0,10,-1,-1,-1,16,4.148148148148148,27,0.7041015625,0.29589843724,1.5800901004068324,17
0,41,20,0,5,0,10,-1,-1,-1,23,4.148148148148148,27,0.576171875,0.423828124675,2.0370934221876675,14
0,41,20,0,5,0,10,-1,-1,-1,24,4.148148148148148,27,0.5419921875,0.45800781206999996,2.3213066655081493,14
0,41,20,0,5,0,10,-1,-1,-1,27,4.148148148148148,27,0.5400390625,0.45996093709499997,2.308638852447579,17
0,41,20,0,5,0,10,-1,-1,-1,35,4.148148148148148,27,0.6298828125,0.37011718723,1.8357257793238313,15
0,41,20,0,5,0,10,-1,-1,-1,38,4.148148148148148,27,0.1201171875,0.8798828116149999,4.287261490798255,15
0,-1,-1,-1,5,-1,10,1,20,0,9,4.285714285714286,28,0.09375,0.9062499988249999,4.466285032411373,14
0,-1,-1,-1,5,-1,10,1,20,0,30,4.377358490566038,53,0.033203125,0.9667968739449999,4.703039616872486,13
0,41,20,0,5,0,10,-1,-1,-1,6,4.430769230769231,65,0.5107421875,0.48925781203999996,2.4705207561278506,19
0,41,20,0,5,0,10,-1,-1,-1,20,4.430769230769231,65,0.3232421875,0.67675781211,2.7284564270553355,18
0,41,20,0,5,0,10,-1,-1,-1,41,4.47244094488189,127,0.611328125,0.38867187461499997,2.02369569448866,32
0,21,3,0,19,0,6,-1,-1,-1,10,3.4285714285714284,7,0.7568359375,0.24609374975499998,3.0180241541192445,11
0,21,3,0,19,0,6,-1,-1,-1,14,3.4285714285714284,7,0.8232421875,0.18359374982999999,2.7484399802094277,11
0,21,3,0,19,0,6,-1,-1,-1,17,3.4285714285714284,7,0.875,0.15332031231999999,2.604639926954994,13
0,21,3,0,19,0,6,-1,-1,-1,25,3.4285714285714284,7,0.8525390625,0.15624999982999999,2.6638623626004616,11
0,-1,-1,-1,19,-1,6,15,3,0,22,2.5714285714285716,14,0.591796875,0.40820312476,3.307030461882276,18
0,21,3,0,19,0,6,-1,-1,-1,12,4.0,16,0.794921875,0.24414062482499999,2.8132816700386813,10
0,-1,-1,-1,19,-1,6,15,3,0,32,2.75,16,1.0,0.033203125,2.0760707625823995,14
0,-1,-1,-1,19,-1,6,15,3,0,0,4.6,20,0.89453125,0.16406249985,2.496428189386502,13
0,-1,-1,-1,19,-1,6,15,3,0,4,4.6,20,0.8134765625,0.22363281232999999,2.7521295115514843,15
0,-1,-1,-1,19,-1,6,15,3,0,15,4.6,20,0.76171875,0.24316406231499998,2.884875727646369,13
0,-1,-1,-1,19,-1,6,15,3,0,28,4.6,20,0.7529296875,0.275390624785,2.9518379916288664,12
0,-1,-1,-1,19,-1,6,15,3,0,34,4.6,20,0.6630859375,0.336914062255,3.202364908832592,13
0,-1,-1,-1,19,-1,6,15,3,0,37,7.0,20,0.787109375,0.23925781230499998,2.8376305623104354,16
0,21,3,0,19,0,6,-1,-1,-1,8,4.148148148148148,27,0.7392578125,0.260742187285,3.022578909748837,11
0,21,3,0,19,0,6,-1,-1,-1,13,4.148148148148148,27,0.87890625,0.13085937486,2.5633092667916397,12
0,21,3,0,19,0,6,-1,-1,-1,16,4.148148148148148,27,0.87890625,0.169921874845,2.56621478019111,16
0,21,3,0,19,0,6,-1,-1,-1,23,4.148148148148148,27,0.9052734375,0.11816406236499999,2.482106565933634,11
0,21,3,0,19,0,6,-1,-1,-1,24,4.148148148148148,27,0.68359375,0.316406249755,3.1359287847935855,16
0,21,3,0,19,0,6,-1,-1,-1,27,4.148148148148148,27,0.6142578125,0.385742187275,3.2471554764518307,14
0,21,3,0,19,0,6,-1,-1,-1,35,4.148148148148148,27,0.8349609375,0.171874999835,2.7034434906546756,11
0,21,3,0,19,0,6,-1,-1,-1,38,4.148148148148148,27,0.7548828125,0.477539062305,2.5790074489219657,14
0,-1,-1,-1,19,-1,6,15,3,0,9,4.285714285714286,28,0.52734375,0.472656249755,3.392817596116633,11
0,-1,-1,-1,19,-1,6,15,3,0,30,4.377358490566038,53,0.4541015625,0.545898437225,3.633546035485307,13
0,21,3,0,19,0,6,-1,-1,-1,6,4.430769230769231,65,0.650390625,0.349609374755,3.138529906289475,19
0,21,3,0,19,0,6,-1,-1,-1,20,4.430769230769231,65,0.23828125,0.76171874976,3.6008658373783637,18
0,21,3,0,19,0,6,-1,-1,-1,41,4.47244094488189,127,0.625,0.37499999976,3.2675516028345286,18
0,46,8,0,20,0,5,-1,-1,-1,2,3.2,5,0.763671875,0.256835937395,2.8714686792824944,9
0,46,8,0,20,0,5,-1,-1,-1,3,3.2,5,0.818359375,0.231445312405,2.72649754449756,8
0,46,8,0,20,0,5,-1,-1,-1,5,3.2,5,0.58984375,0.458984374895,3.2183751261002618,9
0,-1,-1,-1,20,-1,5,30,8,0,7,3.2,5,0.744140625,0.293945312395,2.955726722859995,7
0,-1,-1,-1,20,-1,5,30,8,0,11,3.2,5,0.6845703125,0.351562499895,3.0395299751112828,7
0,46,8,0,20,0,5,-1,-1,-1,18,3.2,5,0.845703125,0.205078124905,2.61072446586955,6
0,-1,-1,-1,20,-1,5,30,8,0,19,3.2,5,0.7412109375,0.2714843749,2.9182389255488395,10
0,46,8,0,20,0,5,-1,-1,-1,21,3.2,5,0.845703125,0.2314453124,2.738343875592291,9
0,46,8,0,20,-1,5,-1,-1,-1,26,3.2,5,0.8818359375,0.146484374905,2.5644068831317672,8
0,46,8,0,20,0,5,-1,-1,-1,29,3.2,5,0.5986328125,0.445312499895,3.196387416334866,7
0,46,8,0,20,0,5,-1,-1,-1,31,3.2,5,0.8447265625,0.1972656249,2.678084314678318,9
0,46,8,0,20,0,5,-1,-1,-1,33,3.2,5,0.900390625,0.14746093742,2.52914651783553,9
0,-1,-1,-1,20,-1,5,30,8,0,36,2.4,5,0.48828125,0.605468749895,3.3734896104764984,4
0,46,8,0,20,-1,5,-1,-1,-1,39,3.2,5,0.8330078125,0.220703124905,2.7350168564932327,6
0,46,8,0,20,-1,5,-1,-1,-1,40,3.2,5,0.845703125,0.2197265624,2.6976215977444116,7
0,46,8,0,20,0,5,-1,-1,-1,42,4.8,5,0.76953125,0.3261718749,2.8095834790707737,6
0,46,8,0,20,0,5,-1,-1,-1,10,3.4285714285714284,7,0.7841796875,0.257812499895,2.8714240999698535,8
0,46,8,0,20,0,5,-1,-1,-1,14,3.4285714285714284,7,0.7900390625,0.2568359374,2.8508372188831164,9
0,46,8,0,20,0,5,-1,-1,-1,17,3.4285714285714284,7,0.8974609375,0.13964843741,2.5198535686504124,9
0,46,8,0,20,0,5,-1,-1,-1,25,3.4285714285714284,7,0.8623046875,0.1699218749,2.655854448909827,11
0,-1,-1,-1,20,-1,5,30,8,0,22,2.5714285714285716,14,0.6875,0.346679687395,2.9427764396372718,9
0,46,8,0,20,0,5,-1,-1,-1,12,4.0,16,0.806640625,0.208984374895,2.75626732646295,9
0,-1,-1,-1,20,-1,5,30,8,0,32,2.75,16,1.0,0.06640625,2.0860105236008235,9
0,-1,-1,-1,20,-1,5,30,8,0,0,4.6,20,0.501953125,0.572265624895,3.352574100102193,9
0,-1,-1,-1,20,-1,5,30,8,0,4,4.6,20,0.818359375,0.2285156249,2.741606346137346,9
0,-1,-1,-1,20,-1,5,30,8,0,15,4.6,20,0.7138671875,0.369140624895,2.9430799606652136,9
0,-1,-1,-1,20,-1,5,30,8,0,28,4.6,20,0.693359375,0.355468749895,3.0105636237755573,9
0,-1,-1,-1,20,-1,5,30,8,0,34,4.6,20,0.712890625,0.335937499895,2.9835390198013916,9
0,-1,-1,-1,20,-1,5,30,8,0,37,7.0,20,0.6103515625,0.425781249895,3.1475812091468662,14
0,46,8,0,20,0,5,-1,-1,-1,8,4.148148148148148,27,0.8134765625,0.238281249905,2.7705956072375386,8
0,46,8,0,20,0,5,-1,-1,-1,13,4.148148148148148,27,0.8818359375,0.14355468741,2.5572967146828818,9
0,46,8,0,20,0,5,-1,-1,-1,16,4.148148148148148,27,0.8701171875,0.151367187395,2.6457763939327514,9
0,46,8,0,20,0,5,-1,-1,-1,23,4.148148148148148,27,0.8447265625,0.22656249992,2.670109229574955,8
0,46,8,0,20,0,5,-1,-1,-1,24,4.148148148148148,27,0.7568359375,0.315429687395,2.9270743393139727,8
0,46,8,0,20,0,5,-1,-1,-1,27,4.148148148148148,27,0.6259765625,0.403320312395,3.113853722680797,9
0,46,8,0,20,0,5,-1,-1,-1,35,4.148148148148148,27,0.8466796875,0.193359374905,2.6389115202033437,8
0,46,8,0,20,0,5,-1,-1,-1,38,4.148148148148148,27,0.6357421875,0.4111328124,2.866477110084913,8
0,-1,-1,-1,20,-1,5,30,8,0,9,4.285714285714286,28,0.654296875,0.412109374895,3.152530078378724,9
0,-1,-1,-1,20,-1,5,30,8,0,30,4.377358490566038,53,0.48046875,0.565429687395,3.3423743896986258,9
0,46,8,0,20,0,5,-1,-1,-1,6,4.430769230769231,65,0.8125,0.208007812395,2.745412419835573,9
0,46,8,0,20,0,5,-1,-1,-1,20,4.430769230769231,65,0.4228515625,0.613281249895,3.337155696382948,9
0,46,8,0,20,0,5,-1,-1,-1,41,4.47244094488189,127,0.7255859375,0.291992187395,2.9309151632812913,9
0,-1,-1,-1,24,-1,9,0,0,57,22,2.5714285714285716,14,0.8095703125,0.38867187416499993,5.368047787409809,7
0,171,114,0,24,0,9,-1,-1,-1,12,4.0,16,0.8369140625,0.31152343676999994,5.2166092280110785,14
0,-1,-1,-1,24,-1,9,0,0,57,32,2.75,16,0.9111328125,0.25292968685499995,4.8891353184916095,8
0,-1,-1,-1,24,-1,9,0,0,57,0,4.6,20,0.748046875,0.4423828116249999,5.590823398628068,20
0,-1,-1,-1,24,-1,9,0,0,57,4,4.6,20,0.8466796875,0.32812499928499994,5.251947513975632,21
0,-1,-1,-1,24,-1,9,0,0,57,15,4.6,20,0.7373046875,0.4228515615849999,5.546336065025012,8
0,-1,-1,-1,24,-1,9,0,0,57,28,4.6,20,0.7392578125,0.4365234365999999,5.468435318242812,8
0,-1,-1,-1,24,-1,9,0,0,57,34,4.6,20,0.80859375,0.33007812420499993,5.341371973271888,19
0,-1,-1,-1,24,-1,9,0,0,57,37,7.0,20,0.76171875,0.4091796865549999,5.5316947920452755,18
0,171,114,0,24,0,9,-1,-1,-1,8,4.148148148148148,27,0.85546875,0.28320312429999994,5.163800378901886,16
0,171,114,0,24,0,9,-1,-1,-1,13,4.148148148148148,27,0.8544921875,0.29589843678499994,5.207862297248231,14
0,171,114,0,24,0,9,-1,-1,-1,16,4.148148148148148,27,0.87109375,0.27832031179499994,5.0424661090793,17
0,171,114,0,24,0,9,-1,-1,-1,23,4.148148148148148,27,0.8310546875,0.33203124925499994,5.226108857141399,14
0,171,114,0,24,0,9,-1,-1,-1,24,4.148148148148148,27,0.8408203125,0.33007812421499994,5.2145726343142815,17
0,171,114,0,24,0,9,-1,-1,-1,27,4.148148148148148,27,0.83203125,0.31445312423999994,5.280107440355206,20
0,171,114,0,24,0,9,-1,-1,-1,35,4.148148148148148,27,0.8251953125,0.35839843665499993,5.206103730386045,13
0,171,114,0,24,0,9,-1,-1,-1,38,4.148148148148148,27,0.71484375,0.4414062490999999,5.629610258658201,20
0,-1,-1,-1,24,-1,9,0,0,57,9,4.285714285714286,28,0.7607421875,0.4531249990599999,5.4602338437271705,0
0,-1,-1,-1,24,-1,9,0,0,57,30,4.377358490566038,53,0.67578125,0.5136718739699999,5.713571012178214,0
0,171,114,0,24,0,9,-1,-1,-1,6,4.430769230769231,65,0.826171875,0.33203124919499993,5.185148794471408,9
0,171,114,0,24,0,9,-1,-1,-1,20,4.430769230769231,65,0.7724609375,0.4169921865999999,5.428351021609324,9
0,171,114,0,24,0,9,-1,-1,-1,41,4.47244094488189,127,0.7548828125,0.3935546866049999,5.393706819341714,29
0,65,32,0,14,0,15,-1,-1,-1,12,4.0,16,0.140625,0.8593749978349998,5.177104878139345,36
0,-1,-1,-1,14,-1,15,1,32,0,32,2.75,16,1.0,0.0,-1.0000004999175666e-06,20
0,-1,-1,-1,14,-1,15,1,32,0,0,4.6,20,0.025390625,0.9746093716449997,6.241906829541042,24
0,-1,-1,-1,14,-1,15,1,32,0,4,4.6,20,0.119140625,0.8808593725899998,5.408672783369155,25
0,-1,-1,-1,14,-1,15,1,32,0,15,4.6,20,0.01953125,0.9804687458399997,6.588698722373405,35
0,-1,-1,-1,14,-1,15,1,32,0,28,4.6,20,0.029296875,0.9707031216499997,6.211786417190123,33
0,-1,-1,-1,14,-1,15,1,32,0,34,4.6,20,0.087890625,0.9121093724699998,5.549608124776295,26
0,-1,-1,-1,14,-1,15,1,32,0,37,7.0,20,0.01953125,0.9804687463899997,6.357609840368163,23
0,65,32,0,14,0,15,-1,-1,-1,8,4.148148148148148,27,0.12890625,0.8710937478999998,5.146314861191656,33
0,65,32,0,14,0,15,-1,-1,-1,13,4.148148148148148,27,0.2958984375,0.7041015611699999,4.028534252775489,39
0,65,32,0,14,0,15,-1,-1,-1,16,4.148148148148148,27,0.1806640625,0.8193359357899999,4.612552968375457,31
0,65,32,0,14,0,15,-1,-1,-1,23,4.148148148148148,27,0.2373046875,0.7626953107399999,4.545369741682927,31
0,65,32,0,14,0,15,-1,-1,-1,24,4.148148148148148,27,0.177734375,0.8222656228999998,5.012361228320494,40
0,65,32,0,14,0,15,-1,-1,-1,27,4.148148148148148,27,0.125,0.8749999977599998,5.264302863196021,41
0,65,32,0,14,0,15,-1,-1,-1,35,4.148148148148148,27,0.10546875,0.8945312474549998,5.522752277782332,31
0,65,32,0,14,0,15,-1,-1,-1,38,4.148148148148148,27,0.0,0.9999999953549996,6.7955817230346,32
0,-1,-1,-1,14,-1,15,1,32,0,9,4.285714285714286,28,0.0029296875,0.9970703080049996,6.724891124076739,39
0,-1,-1,-1,14,-1,15,1,32,0,30,4.377358490566038,53,0.0,0.9999999951449996,6.862039265934193,35
0,65,32,0,14,0,15,-1,-1,-1,6,4.430769230769231,65,0.0888671875,0.9111328099249998,5.596626133172913,33
0,65,32,0,14,0,15,-1,-1,-1,20,4.430769230769231,65,0.0,0.9999999951749996,6.853876704304255,33
0,65,32,0,14,0,15,-1,-1,-1,41,4.47244094488189,127,0.0732421875,0.9267578095999998,5.823770520216551,38
0,26,4,2,12,0,4,-1,-1,-1,2,3.2,5,1.0,0.107421875,2.761154441479591,6
0,26,4,2,12,0,4,-1,-1,-1,3,3.2,5,1.0,0.103515625,2.745286793440184,3
0,26,4,2,12,0,4,-1,-1,-1,5,3.2,5,1.0,0.0830078125,2.7624108956197744,6
0,-1,-1,-1,12,-1,4,18,4,2,7,3.2,5,1.0,0.1005859375,2.7579036013315474,2
0,-1,-1,-1,12,-1,4,18,4,2,11,3.2,5,1.0,0.05859375,2.7625926326811463,2
0,26,4,2,12,0,4,-1,-1,-1,18,3.2,5,1.0,0.0810546875,2.76100741343155,4
0,-1,-1,-1,12,-1,4,18,4,2,19,3.2,5,1.0,0.0703125,2.7540153733068093,3
0,26,4,2,12,0,4,-1,-1,-1,21,3.2,5,1.0,0.064453125,2.7599306266523183,5
0,26,4,2,12,-1,4,-1,-1,-1,26,3.2,5,1.0,0.0654296875,2.764994393103575,4
0,26,4,2,12,0,4,-1,-1,-1,29,3.2,5,1.0,0.072265625,2.764084418880185,3
0,26,4,2,12,0,4,-1,-1,-1,31,3.2,5,1.0,0.0888671875,2.758628296144754,5
0,26,4,2,12,0,4,-1,-1,-1,33,3.2,5,1.0,0.0732421875,2.762023971848466,6
0,-1,-1,-1,12,-1,4,18,4,2,36,2.4,5,1.0,0.0517578125,2.76434553043504,4
0,26,4,2,12,-1,4,-1,-1,-1,39,3.2,5,1.0,0.09375,2.75952170256544,4
0,26,4,2,12,-1,4,-1,-1,-1,40,3.2,5,1.0,0.0673828125,2.760572721077294,5
0,26,4,2,12,0,4,-1,-1,-1,42,4.8,5,1.0,0.0947265625,2.758750435352431,5
0,26,4,2,12,0,4,-1,-1,-1,10,3.4285714285714284,7,1.0,0.0771484375,2.7635267267084282,5
0,26,4,2,12,0,4,-1,-1,-1,14,3.4285714285714284,7,1.0,0.0888671875,2.7611217525022784,2
0,26,4,2,12,0,4,-1,-1,-1,17,3.4285714285714284,7,1.0,0.078125,2.762887093799053,3
0,26,4,2,12,0,4,-1,-1,-1,25,3.4285714285714284,7,1.0,0.0458984375,2.766117202766133,2
0,-1,-1,-1,12,-1,4,18,4,2,22,2.5714285714285716,14,1.0,0.12890625,2.735974527778735,5
0,26,4,2,12,0,4,-1,-1,-1,12,4.0,16,1.0,0.0751953125,2.7635826542272888,6
0,-1,-1,-1,12,-1,4,18,4,2,32,2.75,16,1.0,0.060546875,2.766303541035614,5
0,-1,-1,-1,12,-1,4,18,4,2,0,4.6,20,1.0,0.14453125,2.7262529967268616,5
0,-1,-1,-1,12,-1,4,18,4,2,4,4.6,20,1.0,0.0927734375,2.7525465570489507,5
0,-1,-1,-1,12,-1,4,18,4,2,15,4.6,20,1.0,0.068359375,2.760208595939772,5
0,-1,-1,-1,12,-1,4,18,4,2,28,4.6,20,1.0,0.0615234375,2.761907981357643,5
0,-1,-1,-1,12,-1,4,18,4,2,34,4.6,20,1.0,0.0869140625,2.7651281142656554,6
0,-1,-1,-1,12,-1,4,18,4,2,37,7.0,20,1.0,0.080078125,2.756008897065392,8
0,26,4,2,12,0,4,-1,-1,-1,8,4.148148148148148,27,1.0,0.0888671875,2.7632720469825642,6
0,26,4,2,12,0,4,-1,-1,-1,13,4.148148148148148,27,1.0,0.080078125,2.763309386510476,5
0,26,4,2,12,0,4,-1,-1,-1,16,4.148148148148148,27,1.0,0.0595703125,2.765020357693481,5
0,26,4,2,12,0,4,-1,-1,-1,23,4.148148148148148,27,1.0,0.06640625,2.7599345409721994,5
0,26,4,2,12,0,4,-1,-1,-1,24,4.148148148148148,27,1.0,0.06640625,2.760474094332538,6
0,26,4,2,12,0,4,-1,-1,-1,27,4.148148148148148,27,1.0,0.0810546875,2.7648539673538814,5
0,26,4,2,12,0,4,-1,-1,-1,35,4.148148148148148,27,1.0,0.0830078125,2.7622483458970883,6
0,26,4,2,12,0,4,-1,-1,-1,38,4.148148148148148,27,1.0,0.2744140625,2.579786822352618,6
0,-1,-1,-1,12,-1,4,18,4,2,9,4.285714285714286,28,1.0,0.072265625,2.7621802490015326,5
0,-1,-1,-1,12,-1,4,18,4,2,30,4.377358490566038,53,1.0,0.1240234375,2.748698607870655,5
0,26,4,2,12,0,4,-1,-1,-1,6,4.430769230769231,65,1.0,0.05859375,2.7627047853081925,5
0,26,4,2,12,0,4,-1,-1,-1,20,4.430769230769231,65,1.0,0.0517578125,2.7665504626874595,5
0,26,4,2,12,0,4,-1,-1,-1,41,4.47244094488189,127,1.0,0.0634765625,2.7645765518510586,6
15,30,15,0,8,0,5,-1,-1,-1,2,3.2,5,0.8388671875,0.2275390624,2.3396566562290153,4
15,30,15,0,8,0,5,-1,-1,-1,3,3.2,5,0.8681640625,0.20019531241,2.222586827261587,4
15,30,15,0,8,0,5,-1,-1,-1,5,3.2,5,0.716796875,0.34765624989,2.65876724156371,3
15,-1,-1,-1,8,-1,5,5,5,5,7,3.2,5,0.787109375,0.318359374895,2.6172008341563835,3
15,-1,-1,-1,8,-1,5,5,5,5,11,3.2,5,0.84765625,0.296874999915,2.519825629724671,4
15,30,15,0,8,0,5,-1,-1,-1,18,3.2,5,0.8623046875,0.238281249895,2.3305580585454493,4
15,-1,-1,-1,8,-1,5,5,5,5,19,3.2,5,0.724609375,0.3535156249,2.6241597208976035,3
15,30,15,0,8,0,5,-1,-1,-1,21,3.2,5,0.8740234375,0.33398437491,2.562667404564828,3
15,30,15,0,8,-1,5,-1,-1,-1,26,3.2,5,0.8515625,0.24414062491,2.3553891073573814,4
15,30,15,0,8,0,5,-1,-1,-1,29,3.2,5,0.630859375,0.513671874895,3.0117083429847713,4
15,30,15,0,8,0,5,-1,-1,-1,31,3.2,5,0.8701171875,0.25976562491,2.4445383122317232,3
15,30,15,0,8,0,5,-1,-1,-1,33,3.2,5,0.921875,0.13281249992,2.0029645143638457,4
15,-1,-1,-1,8,-1,5,5,5,5,36,2.4,5,0.525390625,0.639648437395,3.188310556595389,1
15,30,15,0,8,-1,5,-1,-1,-1,39,3.2,5,0.875,0.26367187491,2.44187713609826,3
15,30,15,0,8,-1,5,-1,-1,-1,40,3.2,5,0.8720703125,0.230468749905,2.318522758210385,3
15,30,15,0,8,0,5,-1,-1,-1,42,4.8,5,0.5693359375,0.501953124895,2.7039820120094245,3
15,30,15,0,8,0,5,-1,-1,-1,10,3.4285714285714284,7,0.8740234375,0.20410156241,2.2371096080055253,5
15,30,15,0,8,0,5,-1,-1,-1,14,3.4285714285714284,7,0.8935546875,0.205078124915,2.2581416002667423,5
15,30,15,0,8,0,5,-1,-1,-1,17,3.4285714285714284,7,0.95703125,0.080078124955,1.8437919357361405,7
15,30,15,0,8,0,5,-1,-1,-1,25,3.4285714285714284,7,0.8583984375,0.19042968739,2.1952911329409543,6
15,-1,-1,-1,8,-1,5,5,5,5,22,2.5714285714285716,14,0.767578125,0.3691406249,2.714224581979135,3
15,30,15,0,8,0,5,-1,-1,-1,12,4.0,16,0.85546875,0.179687499905,2.1622412635446175,4
15,-1,-1,-1,8,-1,5,5,5,5,32,2.75,16,0.9931640625,0.010742187444999997,1.4412543615739257,5
15,-1,-1,-1,8,-1,5,5,5,5,0,4.6,20,0.71875,0.454101562395,2.8035340726591436,5
15,-1,-1,-1,8,-1,5,5,5,5,4,4.6,20,0.873046875,0.29589843741,2.495712136698394,4
15,-1,-1,-1,8,-1,5,5,5,5,15,4.6,20,0.73828125,0.4345703124,2.84334931297156,5
15,-1,-1,-1,8,-1,5,5,5,5,28,4.6,20,0.890625,0.25585937492,2.396428453640176,4
15,-1,-1,-1,8,-1,5,5,5,5,34,4.6,20,0.810546875,0.3066406249,2.564312795731827,4
15,-1,-1,-1,8,-1,5,5,5,5,37,7.0,20,0.8251953125,0.305664062415,2.535490777082349,5
15,30,15,0,8,0,5,-1,-1,-1,8,4.148148148148148,27,0.900390625,0.12011718739499999,1.966762977602983,3
15,30,15,0,8,0,5,-1,-1,-1,13,4.148148148148148,27,0.8779296875,0.16601562491,2.1222986999549387,3
15,30,15,0,8,0,5,-1,-1,-1,16,4.148148148148148,27,0.9521484375,0.086914062445,1.8634474606262597,5
15,30,15,0,8,0,5,-1,-1,-1,23,4.148148148148148,27,0.9638671875,0.10546874995,1.9602364808448787,5
15,30,15,0,8,0,5,-1,-1,-1,24,4.148148148148148,27,0.947265625,0.17968749993,2.139223290369501,3
15,30,15,0,8,0,5,-1,-1,-1,27,4.148148148148148,27,0.87890625,0.1845703124,2.1825788710553433,3
15,30,15,0,8,0,5,-1,-1,-1,35,4.148148148148148,27,0.9384765625,0.12109374993,1.9854458212739934,3
15,30,15,0,8,0,5,-1,-1,-1,38,4.148148148148148,27,0.869140625,0.40332031242,2.6910690250036082,3
15,-1,-1,-1,8,-1,5,5,5,5,9,4.285714285714286,28,0.69921875,0.52441406241,3.044481186020745,3
15,-1,-1,-1,8,-1,5,5,5,5,30,4.377358490566038,53,0.650390625,0.5488281249,3.044987897530996,4
15,30,15,0,8,0,5,-1,-1,-1,6,4.430769230769231,65,0.87109375,0.19042968741,2.2297319890019147,5
15,30,15,0,8,0,5,-1,-1,-1,20,4.430769230769231,65,0.865234375,0.20214843742,2.246037065102023,4
15,30,15,0,8,0,5,-1,-1,-1,41,4.47244094488189,127,0.93359375,0.13964843743,2.0345504347545527,3
